{
  "itemid": "minecraft:fishing_rod",
  "displayname": "§6Flaming Flay",
  "nbttag": "{Unbreakable:1b,HideFlags:254,display:{Lore:[0:\"§7Damage: §c+200\",1:\"§7Strength: §c+250\",2:\"§7Ferocity: §a+25\",3:\" §8[§8⚔§8] §8[§8⚔§8]\",4:\"\",5:\"§7Deals §a3x §7damage to §3Sea Creatures§7.\",6:\"\",7:\"§6Ability: Flay  §e§lRIGHT CLICK\",8:\"§7Flay your whip in an arc, dealing your melee\",9:\"§7damage to all enemies in its path. Heal §a1% §c❤\",10:\"§c§7for each enemy hit.\",11:\"\",12:\"§7§8This item can be reforged!\",13:\"§7§4❣ §cRequires §aFishing Skill 47§c.\",14:\"§6§lLEGENDARY SWORD\"],Name:\"§6Flaming Flay\"},ExtraAttributes:{id:\"FLAMING_FLAY\"}}",
  "damage": 0,
  "lore": [
    "§7Damage: §c+200",
    "§7Strength: §c+250",
    "§7Ferocity: §a+25",
    " §8[§8⚔§8] §8[§8⚔§8]",
    "",
    "§7Deals §a3x §7damage to §3Sea Creatures§7.",
    "",
    "§6Ability: Flay  §e§lRIGHT CLICK",
    "§7Flay your whip in an arc, dealing your melee",
    "§7damage to all enemies in its path. Heal §a1% §c❤",
    "§c§7for each enemy hit.",
    "",
    "§7§8This item can be reforged!",
    "§7§4❣ §cRequires §aFishing Skill 47§c.",
    "§6§lLEGENDARY SWORD"
  ],
  "recipe": {
    "A1": "",
    "A2": "",
    "A3": "BRAIDED_GRIFFIN_FEATHER:1",
    "B1": "",
    "B2": "SOUL_WHIP:1",
    "B3": "HOTSPOT_WATER_ORB:1",
    "C1": "BRIMSTONE_HANDLE:1",
    "C2": "",
    "C3": "LAVA_WATER_ORB:1"
  },
  "internalname": "FLAMING_FLAY",
  "clickcommand": "viewrecipe",
  "modver": "",
  "crafttext": "",
  "infoType": "WIKI_URL",
  "info": [
    "https://hypixel-skyblock.fandom.com/wiki/Flaming_Flay",
    "https://wiki.hypixel.net/Flaming_Flay"
  ]
}