{
  "itemid": "minecraft:leather_chestplate",
  "displayname": "§9Flaming Chestplate",
  "nbttag": "{Unbreakable:1b,HideFlags:254,display:{Lore:[0:\"§7Strength: §c+25\",1:\"§7Sea Creature Chance: §c+3%\",2:\"§7Health: §a+225\",3:\"§7Defense: §a+200\",4:\" §8[§8⚔§8] §8[§8☂§8]\",5:\"\",6:\"§7Damage taken by §cLava Sea\",7:\"§cCreatures §7is reduced by §a5% §7and\",8:\"§7damage dealt is increased by §c1.1x§7.\",9:\"\",10:\"§7§8This item can be reforged!\",11:\"§7§4❣ §cRequires §aFishing Skill 33§c.\",12:\"§9§lRARE CHESTPLATE\"],color:15558162,Name:\"§9Flaming Chestplate\"},ExtraAttributes:{id:\"FLAMING_CHESTPLATE\"}}",
  "damage": 0,
  "lore": [
    "§7Strength: §c+25",
    "§7Sea Creature Chance: §c+3%",
    "§7Health: §a+225",
    "§7Defense: §a+200",
    " §8[§8⚔§8] §8[§8☂§8]",
    "",
    "§7Damage taken by §cLava Sea",
    "§cCreatures §7is reduced by §a5% §7and",
    "§7damage dealt is increased by §c1.1x§7.",
    "",
    "§7§8This item can be reforged!",
    "§7§4❣ §cRequires §aFishing Skill 33§c.",
    "§9§lRARE CHESTPLATE"
  ],
  "internalname": "FLAMING_CHESTPLATE",
  "crafttext": "",
  "clickcommand": "",
  "modver": "",
  "infoType": "WIKI_URL",
  "info": [
    "https://hypixel-skyblock.fandom.com/wiki/Flaming_Chestplate",
    "https://wiki.hypixel.net/Flaming_Chestplate"
  ]
}