{
  "itemid": "minecraft:skull",
  "displayname": "§3Flaming Worm (Sea Creature)",
  "nbttag": "{HideFlags:254,SkullOwner:{Id:\"30a4cd5c-5754-4db8-8960-18022a74627d\",Properties:{textures:[0:{Value:\"eyJ0ZXh0dXJlcyI6eyJTS0lOIjp7InVybCI6Imh0dHA6Ly90ZXh0dXJlcy5taW5lY3JhZnQubmV0L3RleHR1cmUvZGE5MWRhYjgzOTFhZjVmZGE1NGFjZDJjMGIxOGZiZDgxOWI4NjVlMWE4ZjFkNjIzODEzZmE3NjFlOTI0NTQwIn19fQ==\"}]}},display:{Lore:[0:\"§c❤ Health§8: §c100,000\",1:\"\",2:\"§9§lRARE\"],Name:\"§3Flaming Worm (Sea Creature)\"},ExtraAttributes:{id:\"FLAMING_WORM_SC\"}}",
  "damage": 3,
  "lore": [
    "§c❤ Health§8: §c100,000",
    "",
    "§9§lRARE"
  ],
  "internalname": "FLAMING_WORM_SC",
  "clickcommand": "viewrecipe",
  "modver": "2.1.0-REL",
  "infoType": "WIKI_URL",
  "info": [
    "https://hypixel-skyblock.fandom.com/wiki/Flaming_Worm",
    "https://wiki.hypixel.net/Flaming_Worm"
  ],
  "crafttext": "",
  "recipes": [
    {
      "name": "§cFlaming Worm",
      "level": 50,
      "coins": 10,
      "xp": 10,
      "render": "Silverfish",
      "panorama": "crystal_hollows",
      "type": "drops",
      "extra": [
        "§cRequirements:",
        "§7- Fishing Skill 19",
        "§7- §5Crystal Hollows",
        "§7- §bPrecursor Remnants",
        "§7- §cFished from lava"
      ],
      "drops": [
        {
          "id": "ROUGH_SAPPHIRE_GEM",
          "chance": "x20-30"
        },
        {
          "id": "ETERNAL_FLAME_RING",
          "chance": "0.5%"
        },
        {
          "id": "WORM_MEMBRANE",
          "chance": "25%"
        },
        {
          "id": "DYE_CARMINE",
          "chance": "0.00002%"
        }
      ]
    }
  ]
}