{
  "itemid": "minecraft:skull",
  "displayname": "§9Flaming Spider (Monster)",
  "nbttag": "{HideFlags:254,SkullOwner:{Id:\"7c63f3cf-a963-311a-aeca-3a075b417806\",Properties:{textures:[0:{Value:\"eyJ0ZXh0dXJlcyI6eyJTS0lOIjp7InVybCI6Imh0dHA6Ly90ZXh0dXJlcy5taW5lY3JhZnQubmV0L3RleHR1cmUvY2Q1NDE1NDFkYWFmZjUwODk2Y2QyNThiZGJkZDRjZjgwYzNiYTgxNjczNTcyNjA3OGJmZTM5MzkyN2U1N2YxIn19fQ\u003d\"}]}},display:{Lore:[0:\"§7Can\u0027t stop burning.\",1:\"\",2:\"§c❤ Health§8: §c1,200,000\"],Name:\"§9Flaming Spider (Monster)\"},ExtraAttributes:{id:\"FLAMING_SPIDER_MONSTER\"}}",
  "damage": 3,
  "lore": [
    "§7Can\u0027t stop burning.",
    "",
    "§c❤ Health§8: §c1,200,000"
  ],
  "internalname": "FLAMING_SPIDER_MONSTER",
  "clickcommand": "viewrecipe",
  "modver": "2.1.1-PRE",
  "infoType": "WIKI_URL",
  "info": [
    "https://hypixel-skyblock.fandom.com/wiki/Flaming_Spider",
    "https://wiki.hypixel.net/Flaming_Spider"
  ],
  "crafttext": "",
  "recipes": [
    {
      "level": 80,
      "coins": 20,
      "xp": 100,
      "combat_xp": 120,
      "name": "§cFlaming Spider",
      "panorama": "crimson_isle",
      "render": "Spider",
      "type": "drops",
      "drops": [
        {
          "id": "STRING",
          "chance": "x1-2"
        },
        {
          "id": "BURNING_EYE",
          "chance": "20%"
        },
        {
          "id": "DYE_CYCLAMEN",
          "chance": "0.00001%"
        }
      ]
    }
  ]
}