{
  "itemid": "minecraft:skull",
  "displayname": "§5Flamingo Float",
  "nbttag": "{HideFlags:254,SkullOwner:{Id:\"f9b6d003-688a-3923-99a2-c3a22c3e3133\",Properties:{textures:[0:{Value:\"eyJ0ZXh0dXJlcyI6eyJTS0lOIjp7InVybCI6Imh0dHA6Ly90ZXh0dXJlcy5taW5lY3JhZnQubmV0L3RleHR1cmUvOGQ5ZTYzN2U4ZTZmZjNmMmVkZGRmZjU5NTQwMmRlMzI0ZmNmNDUxYWQ1NTBmNjkwYWQxOGVkZTA1MGYyYTVmMiJ9fX0\u003d\"}]}},display:{Lore:[0:\"§8Furniture\",1:\"§8Summer Cosmetic\",2:\"\",3:\"§7This exclusive §aSummer §7cosmetic can\",4:\"§7be placed on your island or traded.\",5:\"\",6:\"§5§lEPIC\"],Name:\"§5Flamingo Float\"},ExtraAttributes:{id:\"FLAMINGO\"}}",
  "damage": 3,
  "lore": [
    "§8Furniture",
    "§8Summer Cosmetic",
    "",
    "§7This exclusive §aSummer §7cosmetic can",
    "§7be placed on your island or traded.",
    "",
    "§5§lEPIC"
  ],
  "internalname": "FLAMINGO",
  "crafttext": "",
  "clickcommand": "",
  "modver": "2.1.1-PRE",
  "infoType": "WIKI_URL",
  "info": [
    "https://wiki.hypixel.net/Flamingo_Float"
  ]
}