{
  "itemid": "minecraft:chainmail_leggings",
  "displayname": "§f§f§aEmber Ash Leggings",
  "nbttag": "{overrideMeta:1b,Unbreakable:1b,HideFlags:254,display:{Lore:[0:\"§7Mining Speed: §a+15\",1:\"§7Mining Fortune: §a+5\",2:\"\",3:\"§7§7An old charred shadow of the\",4:\"§7real thing leaving behind\",5:\"§7streaks of coal on the wearer\",6:\"§7from its shoddy construction.\",7:\"\",8:\"§7§8This item can be reforged!\",9:\"§7§4❣ §cRequires §aHard Stone Collection V§c.\",10:\"§a§lUNCOMMON LEGGINGS\"],Name:\"§f§f§aEmber Ash Leggings\"},ExtraAttributes:{originTag:\"QUICK_CRAFTING_SHIFT\",id:\"FLAMEBREAKER_LEGGINGS\"},AttributeModifiers:[]}",
  "damage": 0,
  "lore": [
    "§7Mining Speed: §a+15",
    "§7Mining Fortune: §a+5",
    "",
    "§7§7An old charred shadow of the",
    "§7real thing leaving behind",
    "§7streaks of coal on the wearer",
    "§7from its shoddy construction.",
    "",
    "§7§8This item can be reforged!",
    "§7§4❣ §cRequires §aHard Stone Collection V§c.",
    "§a§lUNCOMMON LEGGINGS"
  ],
  "internalname": "FLAMEBREAKER_LEGGINGS",
  "crafttext": "",
  "clickcommand": "",
  "modver": "2.1.1-PRE",
  "infoType": "WIKI_URL",
  "info": [
    "https://hypixel-skyblock.fandom.com/wiki/Ember_Ash_Leggings",
    "https://wiki.hypixel.net/Ember_Ash_Leggings"
  ]
}