{
  "itemid": "minecraft:skull",
  "displayname": "§6Flex Helmet",
  "nbttag": "{HideFlags:254,SkullOwner:{Id:\"9fd1efae-303d-426b-ace8-2022f48dfd3a\",hypixelPopulated:1b,Properties:{textures:[0:{Value:\"eyJ0ZXh0dXJlcyI6eyJTS0lOIjp7InVybCI6Imh0dHA6Ly90ZXh0dXJlcy5taW5lY3JhZnQubmV0L3RleHR1cmUvNmQxOGJjZWM0MGZhZWI5ZDhkZGUwZWY0M2QzYThkZTE0NzQzYjU1NGVhNDNiYzM5MjM3YTE3OWJmZmFkZmM3ZSJ9fX0\u003d\"}]},Name:\"§9fd1efae-303d-426b-ace8-2022f48dfd3a\"},display:{Lore:[0:\"§7§7Costs §d100 Motes §7per\",1:\"§7second to wear.\",2:\"\",3:\"§7Worn: §a0 seconds\",4:\"\",5:\"§eLeft-click to pick animal!\",6:\"\",7:\"§5§kX§5 Rift-Transferable §kX\",8:\"§6§lLEGENDARY HELMET\"],Name:\"§6Flex Helmet\"},ExtraAttributes:{id:\"FLEX_HELMET\"}}",
  "damage": 3,
  "lore": [
    "§7§7Costs §d100 Motes §7per",
    "§7second to wear.",
    "",
    "§7Worn: §a0 seconds",
    "",
    "§eLeft-click to pick animal!",
    "",
    "§5§kX§5 Rift-Transferable §kX",
    "§6§lLEGENDARY HELMET"
  ],
  "internalname": "FLEX_HELMET",
  "crafttext": "",
  "clickcommand": "",
  "modver": "2.1.1-PRE",
  "infoType": "WIKI_URL",
  "info": [
    "https://hypixel-skyblock.fandom.com/wiki/Flex_Helmet",
    "https://wiki.hypixel.net/Flex_Helmet"
  ]
}