{
  "itemid": "minecraft:flint",
  "displayname": "§fFlint",
  "nbttag": "{HideFlags:254,display:{Lore:[0:\"§7§8Brewing Ingredient\",1:\"§7§8Collection Item\",2:\"\",3:\"§f§lCOMMON\"],Name:\"§fFlint\"},ExtraAttributes:{id:\"FLINT\"}}",
  "damage": 0,
  "lore": [
    "§7§8Brewing Ingredient",
    "§7§8Collection Item",
    "",
    "§f§lCOMMON"
  ],
  "internalname": "FLINT",
  "modver": "2.2.2",
  "vanilla": true,
  "clickcommand": "",
  "infoType": "WIKI_URL",
  "info": [
    "https://wiki.hypixel.net/Flint"
  ],
  "crafttext": ""
}