{
  "itemid": "minecraft:flint_and_steel",
  "displayname": "§fFlint and Steel",
  "nbttag": "{HideFlags:254,display:{Lore:[0:\"§f§lCOMMON\"],Name:\"§fFlint and Steel\"},ExtraAttributes:{id:\"FLINT_AND_STEEL\"}}",
  "damage": 0,
  "lore": [
    "§f§lCOMMON"
  ],
  "internalname": "FLINT_AND_STEEL",
  "modver": "1.3-REL",
  "vanilla": true,
  "clickcommand": "viewrecipe",
  "recipe": {
    "A1": "IRON_INGOT:1",
    "A2": "FLINT:1",
    "A3": "",
    "B1": "",
    "B2": "",
    "B3": "",
    "C1": "",
    "C2": "",
    "C3": ""
  }
}
