{
  "itemid": "minecraft:skull",
  "displayname": "§5Floral Wheelbarrow",
  "nbttag": "{HideFlags:254,SkullOwner:{Id:\"31b6a157-108a-3ada-80aa-78772d1ed30c\",Properties:{textures:[0:{Value:\"eyJ0ZXh0dXJlcyI6eyJTS0lOIjp7InVybCI6Imh0dHA6Ly90ZXh0dXJlcy5taW5lY3JhZnQubmV0L3RleHR1cmUvNzA5ZWMwZDY0NWQwZDVhYTI3MTAwYTg4NmFiNzY0ZjI1ZjdmOWQwYTYwMzQ5ODEzYzQ2N2NmZTBkZGZiZDhlYyJ9fX0\u003d\"}]}},display:{Lore:[0:\"§8Furniture\",1:\"§8Easter Cosmetic\",2:\"\",3:\"§7This exclusive §dEaster §7cosmetic can\",4:\"§7be placed on your island or traded.\",5:\"\",6:\"§5§lEPIC\"],Name:\"§5Floral Wheelbarrow\"},ExtraAttributes:{id:\"FLORAL_WHEELBARROW\"}}",
  "damage": 3,
  "lore": [
    "§8Furniture",
    "§8Easter Cosmetic",
    "",
    "§7This exclusive §dEaster §7cosmetic can",
    "§7be placed on your island or traded.",
    "",
    "§5§lEPIC"
  ],
  "internalname": "FLORAL_WHEELBARROW",
  "crafttext": "",
  "clickcommand": "",
  "modver": "2.1.1-PRE",
  "infoType": "WIKI_URL",
  "info": [
    "https://hypixel-skyblock.fandom.com/wiki/Floral_Wheelbarrow",
    "https://wiki.hypixel.net/Floral_Wheelbarrow"
  ]
}