{
  "itemid": "minecraft:skull",
  "displayname": "§5Floral Lamppost",
  "nbttag": "{HideFlags:254,SkullOwner:{Id:\"53a0d9a0-5253-3bd1-8d46-e5df9c8ad4a7\",Properties:{textures:[0:{Value:\"eyJ0ZXh0dXJlcyI6eyJTS0lOIjp7InVybCI6Imh0dHA6Ly90ZXh0dXJlcy5taW5lY3JhZnQubmV0L3RleHR1cmUvNDg0YTg2OWFlMjdjMmUyZjBiMWZiODBhOTM0YTBjMGY0MDYzNWNlNzVmNjM5YjlhMDJlOGM3NGM0MThlNzlkZSJ9fX0=\"}]}},display:{Lore:[0:\"§8Furniture\",1:\"§8Easter Cosmetic\",2:\"\",3:\"§7This exclusive §dEaster §7cosmetic can\",4:\"§7be placed on your island or traded.\",5:\"\",6:\"§5§lEPIC\"],Name:\"§5Floral Lamppost\"},ExtraAttributes:{id:\"FLORAL_LAMPPOST\"}}",
  "damage": 3,
  "lore": [
    "§8Furniture",
    "§8Easter Cosmetic",
    "",
    "§7This exclusive §dEaster §7cosmetic can",
    "§7be placed on your island or traded.",
    "",
    "§5§lEPIC"
  ],
  "internalname": "FLORAL_LAMPPOST",
  "crafttext": "",
  "clickcommand": "",
  "modver": "2.1.1-PRE",
  "infoType": "WIKI_URL",
  "info": [
    "https://hypixel-skyblock.fandom.com/wiki/Floral_Lamppost",
    "https://wiki.hypixel.net/Floral_Lamppost"
  ]
}