{
  "itemid": "minecraft:skull",
  "displayname": "§9Flower Bed",
  "nbttag": "{HideFlags:254,SkullOwner:{Id:\"c16f4f80-70f2-3d60-82be-89f7fee3d14e\",Properties:{textures:[0:{Value:\"eyJ0ZXh0dXJlcyI6eyJTS0lOIjp7InVybCI6Imh0dHA6Ly90ZXh0dXJlcy5taW5lY3JhZnQubmV0L3RleHR1cmUvOWRjNGMxMmJmMjYxOWNiZmM4ZjIyZGM2MmMwMjJjZTE1MTI2Y2VhM2UyMTJjMjhkOWY5NmVhMzEwYWM0YzQyIn19fQ==\"}]}},display:{Lore:[0:\"§8Furniture\",1:\"§8Easter Cosmetic\",2:\"\",3:\"§7This exclusive §dEaster §7cosmetic can\",4:\"§7be placed on your island or traded.\",5:\"\",6:\"§9§lRARE\"],Name:\"§9Flower Bed\"},ExtraAttributes:{id:\"FLOWER_BED\"}}",
  "damage": 3,
  "lore": [
    "§8Furniture",
    "§8Easter Cosmetic",
    "",
    "§7This exclusive §dEaster §7cosmetic can",
    "§7be placed on your island or traded.",
    "",
    "§9§lRARE"
  ],
  "internalname": "FLOWER_BED",
  "crafttext": "",
  "clickcommand": "",
  "modver": "2.1.1-PRE",
  "infoType": "WIKI_URL",
  "info": [
    "https://hypixel-skyblock.fandom.com/wiki/Flower_Bed",
    "https://wiki.hypixel.net/Flower_Bed"
  ]
}