{
  "itemid": "minecraft:flower_pot",
  "displayname": "§fFlower Pot",
  "nbttag": "{HideFlags:254,display:{Lore:[0:\"§f§lCOMMON\"],Name:\"§fFlower Pot\"},ExtraAttributes:{id:\"FLOWER_POT_ITEM\"}}",
  "damage": 0,
  "lore": [
    "§f§lCOMMON"
  ],
  "internalname": "FLOWER_POT_ITEM",
  "modver": "1.3-REL",
  "vanilla": true,
  "clickcommand": "viewrecipe",
  "recipe": {
    "A1": "CLAY_BRICK:1",
    "A2": "",
    "A3": "CLAY_BRICK:1",
    "B1": "",
    "B2": "CLAY_BRICK:1",
    "B3": "",
    "C1": "",
    "C2": "",
    "C3": ""
  }
}
