{
  "itemid": "minecraft:skull",
  "displayname": "§5§cFlower Maelstrom",
  "nbttag": "{HideFlags:254,SkullOwner:{Id:\"7c8a4ab7-1906-3bf5-892f-ca743d8409d9\",Properties:{textures:[0:{Value:\"eyJ0ZXh0dXJlcyI6eyJTS0lOIjp7InVybCI6Imh0dHA6Ly90ZXh0dXJlcy5taW5lY3JhZnQubmV0L3RleHR1cmUvYmNiMmYxMmNmNGYzNGE4YWRmZTNkNzViN2ZmNDg5YjkxYWJhM2M4YjE5OTUyMTNmYTQ2MWQ2ODQ5MGE1MSJ9fX0\u003d\"}]}},display:{Lore:[0:\"§7Quest item\",1:\"\",2:\"§8§l* §8Co-op Soulbound §8§l*\",3:\"§5§lEPIC\"],Name:\"§5§cFlower Maelstrom\"},ExtraAttributes:{id:\"FLOWER_MAELSTROM\"}}",
  "damage": 3,
  "lore": [
    "§7Quest item",
    "",
    "§8§l* §8Co-op Soulbound §8§l*",
    "§5§lEPIC"
  ],
  "internalname": "FLOWER_MAELSTROM",
  "crafttext": "",
  "clickcommand": "",
  "modver": "2.1.1-PRE",
  "infoType": "WIKI_URL",
  "info": [
    "https://hypixel-skyblock.fandom.com/wiki/Flower_Maelstrom",
    "https://wiki.hypixel.net/Flower_Maelstrom"
  ]
}