{
  "itemid": "minecraft:map",
  "displayname": "§9Travel Scroll to The Park",
  "nbttag": "{HideFlags:254,display:{Lore:[0:\"§7Consume this item to add its\",1:\"§7destination to your fast travel\",2:\"§7options.\",3:\"\",4:\"§7Island: §aThe Park\",5:\"§7Teleport: §eSpawn\",6:\"\",7:\"§9§lRARE TRAVEL SCROLL\"],Name:\"§9Travel Scroll to The Park\"},ExtraAttributes:{id:\"FORAGING_1_TRAVEL_SCROLL\"}}",
  "damage": 0,
  "lore": [
    "§7Consume this item to add its",
    "§7destination to your fast travel",
    "§7options.",
    "",
    "§7Island: §aThe Park",
    "§7Teleport: §eSpawn",
    "",
    "§9§lRARE TRAVEL SCROLL"
  ],
  "recipe": {
    "A1": "ENCHANTED_BIRCH_LOG:16",
    "A2": "ENCHANTED_BIRCH_LOG:16",
    "A3": "ENCHANTED_BIRCH_LOG:16",
    "B1": "ENCHANTED_BIRCH_LOG:16",
    "B2": "ENCHANTED_ENDER_PEARL:16",
    "B3": "ENCHANTED_BIRCH_LOG:16",
    "C1": "ENCHANTED_BIRCH_LOG:16",
    "C2": "ENCHANTED_BIRCH_LOG:16",
    "C3": "ENCHANTED_BIRCH_LOG:16"
  },
  "internalname": "FORAGING_1_TRAVEL_SCROLL",
  "clickcommand": "viewrecipe",
  "modver": "2.1.0-REL",
  "crafttext": "Requires: Birch Wood VIII",
  "infoType": "WIKI_URL",
  "info": [
    "https://hypixel-skyblock.fandom.com/wiki/Travel_Scroll_to_the_Park",
    "https://wiki.hypixel.net/Travel_Scroll_To_The_Park"
  ]
}