{
  "itemid": "minecraft:map",
  "displayname": "§9Travel Scroll to the Dwarven Forge",
  "nbttag": "{overrideMeta:1b,HideFlags:254,display:{Lore:[0:\"§7Consume this item to add its\",1:\"§7destination to your fast travel\",2:\"§7options.\",3:\"\",4:\"§7Island: §aDwarven Mines\",5:\"§7Teleport: §eForge\",6:\"\",7:\"§9§lRARE TRAVEL SCROLL\"],Name:\"§9Travel Scroll to the Dwarven Forge\"},ExtraAttributes:{id:\"FORGE_TRAVEL_SCROLL\"},AttributeModifiers:[]}",
  "damage": 0,
  "lore": [
    "§7Consume this item to add its",
    "§7destination to your fast travel",
    "§7options.",
    "",
    "§7Island: §aDwarven Mines",
    "§7Teleport: §eForge",
    "",
    "§9§lRARE TRAVEL SCROLL"
  ],
  "internalname": "FORGE_TRAVEL_SCROLL",
  "crafttext": "Requires: HotM 2",
  "clickcommand": "viewrecipe",
  "modver": "2.1.0-REL",
  "infoType": "WIKI_URL",
  "info": [
    "https://hypixel-skyblock.fandom.com/wiki/Travel_Scroll_to_the_Dwarven_Forge",
    "https://wiki.hypixel.net/Travel_Scroll_To_The_Dwarven_Forge"
  ],
  "recipes": [
    {
      "type": "forge",
      "inputs": [
        "SKYBLOCK_COIN:25000",
        "ENCHANTED_ENDER_PEARL:16",
        "MITHRIL_ORE:48",
        "TITANIUM_ORE:80"
      ],
      "count": 1,
      "overrideOutputId": "FORGE_TRAVEL_SCROLL",
      "duration": 18000
    }
  ]
}