{
  "itemid": "minecraft:skull",
  "displayname": "§fPortal to The Forge",
  "nbttag": "{HideFlags:254,SkullOwner:{Id:\"58f9026b-799d-3a5b-8de1-685bc46551de\",Properties:{textures:[0:{Value:\"eyJ0ZXh0dXJlcyI6eyJTS0lOIjp7InVybCI6Imh0dHA6Ly90ZXh0dXJlcy5taW5lY3JhZnQubmV0L3RleHR1cmUvNWNiZDlmNWVjMWVkMDA3MjU5OTk2NDkxZTY5ZmY2NDlhMzEwNmNmOTIwMjI3YjFiYjNhNzFlZTdhODk4NjNmIn19fQ\u003d\u003d\"}]}},display:{Lore:[0:\"§7Placing this item on your\",1:\"§7private island will create a\",2:\"§7portal to §bThe Forge§7 for you\",3:\"§7to use whenever you want!\",4:\"\",5:\"§7§8The portal will spawn facing\",6:\"§8you on the block you click on.\",7:\"\",8:\"§f§lCOMMON PORTAL\"],Name:\"§fPortal to The Forge\"},ExtraAttributes:{id:\"FORGE_PORTAL\"}}",
  "damage": 3,
  "lore": [
    "§7Placing this item on your",
    "§7private island will create a",
    "§7portal to §bThe Forge§7 for you",
    "§7to use whenever you want!",
    "",
    "§7§8The portal will spawn facing",
    "§8you on the block you click on.",
    "",
    "§f§lCOMMON PORTAL"
  ],
  "internalname": "FORGE_PORTAL",
  "crafttext": "",
  "clickcommand": "",
  "modver": "2.1.0-REL",
  "infoType": "WIKI_URL",
  "info": [
    "https://hypixel-skyblock.fandom.com/wiki/Portals",
    "https://wiki.hypixel.net/Portals"
  ]
}