{
  "itemid": "minecraft:enchanted_book",
  "displayname": "§f§fEnchanted Book",
  "nbttag": "{ench:[],overrideMeta:1b,HideFlags:254,display:{Lore:[0:\"§9Fortune IV\",1:\"§7Grants §a+45 §6☘ Mining\",2:\"§6Fortune§7, which increases your\",3:\"§7chance for multiple drops.\",4:\"\",5:\"§7Use this on an item in an Anvil\",6:\"§7to apply it!\",7:\"\",8:\"§6Source:\",9:\"§aIV: §7Experiments,\",10:\"§7Crystal Nucleus\",11:\"\",12:\"§6Applied To:\",13:\"§7- §fPickaxe\",14:\"§7- §fDrill\",15:\"§7- §fGauntlet\",16:\"\",17:\"§6Conflicts:\",18:\"§7- §cSilk Touch\",19:\"\",20:\"§f§lCOMMON\"],Name:\"§f§fEnchanted Book\"},ExtraAttributes:{originTag:\"UNKNOWN\",id:\"FORTUNE;4\",enchantments:{fortune:4}},AttributeModifiers:[]}",
  "damage": 0,
  "lore": [
    "§9Fortune IV",
    "§7Grants §a+45 §6☘ Mining",
    "§6Fortune§7, which increases your",
    "§7chance for multiple drops.",
    "",
    "§7Use this on an item in an Anvil",
    "§7to apply it!",
    "",
    "§6Source:",
    "§aIV: §7Experiments,",
    "§7Crystal Nucleus",
    "",
    "§6Applied To:",
    "§7- §fPickaxe",
    "§7- §fDrill",
    "§7- §fGauntlet",
    "",
    "§6Conflicts:",
    "§7- §cSilk Touch",
    "",
    "§f§lCOMMON"
  ],
  "internalname": "FORTUNE;4",
  "crafttext": "",
  "clickcommand": "",
  "modver": "2.1.0-REL",
  "infoType": ""
}