{
  "itemid": "minecraft:cooked_fish",
  "displayname": "§f§f§cFossil the Fish",
  "nbttag": "{ench:[],HideFlags:254,display:{Lore:[0:\"§7Older than time itself yet never\",1:\"§7changing, for he was born §7§operfect§7.\",2:\"\",3:\"§c§lSPECIAL\"],Name:\"§f§f§cFossil the Fish\"},ExtraAttributes:{id:\"FOSSIL_THE_FISH\"}}",
  "damage": 1,
  "lore": [
    "§7Older than time itself yet never",
    "§7changing, for he was born §7§operfect§7.",
    "",
    "§c§lSPECIAL"
  ],
  "internalname": "FOSSIL_THE_FISH",
  "crafttext": "",
  "clickcommand": "",
  "modver": "2.1.1-PRE",
  "infoType": "WIKI_URL",
  "info": [
    "https://hypixel-skyblock.fandom.com/wiki/Fossil_the_Fish",
    "https://wiki.hypixel.net/Fossil_The_Fish"
  ]
}