{
  "itemid": "minecraft:skull",
  "displayname": "§9Fossil Excavotor (NPC)",
  "nbttag": "{SkullOwner:{Id:\"04049c90-d3e9-4621-9caf-0000aaa38131\",Properties:{textures:[0:{Value:\"eyJ0ZXh0dXJlcyI6eyJTS0lOIjp7InVybCI6Imh0dHA6Ly90ZXh0dXJlcy5taW5lY3JhZnQubmV0L3RleHR1cmUvNDYxZmI5ZjUzNjliYjdjNjRmMWFmYzRjYTQ0MTkwNWM1NzUzYTAzOWUxZGUzZGRlNGM5NTFhNjlkNTRmNjhmMiJ9fX0\u003d\"}]}},display:{Lore:[0:\"\"],Name:\"§9Fossil Excavotor (NPC)\"},ExtraAttributes:{id:\"FOSSIL_EXCAVOTOR_NPC\"}}",
  "damage": 3,
  "lore": [
    ""
  ],
  "internalname": "FOSSIL_EXCAVATOR_NPC",
  "clickcommand": "",
  "modver": "2.1.1-PRE",
  "x": 18,
  "y": 121,
  "z": 227,
  "island": "mining_3",
  "recipes": [
    {
      "type": "npc_shop",
      "cost": [
        "SKYBLOCK_FOSSIL_DUST:500"
      ],
      "result": "SUSPICIOUS_SCRAP"
    }
  ]
}