{
  "internalname": "FOUL_FLESH",
  "itemid": "minecraft:coal",
  "displayname": "§9Foul Flesh",
  "clickcommand": "",
  "damage": 1,
  "nbttag": "{HideFlags:254,display:{Lore:[0:\"§7§8Brewing Ingredient\",1:\"\",2:\"§7Increases the speed of\",3:\"§7your minion by §a90%§7 for 5\",4:\"§7hours§7!\",5:\"\",6:\"§9§lRARE\"],Name:\"§9Foul Flesh\"},ExtraAttributes:{id:\"FOUL_FLESH\"}}",
  "modver": "2.1.1-PRE",
  "lore": [
    "§7§8Brewing Ingredient",
    "",
    "§7Increases the speed of",
    "§7your minion by §a90%§7 for 5",
    "§7hours§7!",
    "",
    "§9§lRARE"
  ],
  "infoType": "WIKI_URL",
  "info": [
    "https://hypixel-skyblock.fandom.com/wiki/Foul_Flesh",
    "https://wiki.hypixel.net/Foul_Flesh"
  ],
  "crafttext": ""
}