{
  "itemid": "minecraft:stone_pickaxe",
  "displayname": "§f§f§aFractured Mithril Pickaxe",
  "nbttag": "{ench:[],overrideMeta:1b,Unbreakable:1b,HideFlags:254,display:{Lore:[0:\"§8Breaking Power 5\",1:\"\",2:\"§7Damage: §c+30\",3:\"§7Mining Speed: §a+225\",4:\"\",5:\"§7§8This item can be reforged!\",6:\"§a§lUNCOMMON PICKAXE\"],Name:\"§f§f§aFractured Mithril Pickaxe\"},ExtraAttributes:{id:\"FRACTURED_MITHRIL_PICKAXE\"},AttributeModifiers:[]}",
  "damage": 0,
  "lore": [
    "§8Breaking Power 5",
    "",
    "§7Damage: §c+30",
    "§7Mining Speed: §a+225",
    "",
    "§7§8This item can be reforged!",
    "§a§lUNCOMMON PICKAXE"
  ],
  "internalname": "FRACTURED_MITHRIL_PICKAXE",
  "crafttext": "",
  "clickcommand": "",
  "modver": "2.1.1-PRE",
  "infoType": "WIKI_URL",
  "info": [
    "https://hypixel-skyblock.fandom.com/wiki/Fractured_Mithril_Pickaxe",
    "https://wiki.hypixel.net/Fractured_Mithril_Pickaxe"
  ]
}