{
  "itemid": "minecraft:skull",
  "displayname": "§9Fragilis (NPC)",
  "nbttag": "{HideFlags:254,SkullOwner:{Id:\"51054052-eae3-2a39-98ae-2f67ffe0e3b6\",Properties:{textures:[0:{Value:\"eyJ0ZXh0dXJlcyI6eyJTS0lOIjp7InVybCI6Imh0dHBzOi8vdGV4dHVyZXMubWluZWNyYWZ0Lm5ldC90ZXh0dXJlLzMwNzIyYzAwMGFlZTBiYmEzMDU4YjQyNWZlNWVlYWM3NjZlMGEwYzNjM2E3ZWRmNDI5YWQxNGUxNTI5N2RkMzMifX19\"}]},Name:\"51054052-eae3-2a39-98ae-2f67ffe0e3b6\"},display:{Lore:[0:\"\"],Name:\"§9Fragilis (NPC)\"},ExtraAttributes:{id:\"FRAGILIS_NPC\"}}",
  "damage": 3,
  "lore": [
    ""
  ],
  "internalname": "FRAGILIS_NPC",
  "clickcommand": "",
  "modver": "2.1.1-PRE",
  "x": 88,
  "y": 200,
  "z": -108,
  "island": "mining_3",
  "crafttext": "",
  "infoType": "WIKI_URL",
  "info": [
    "https://hypixel-skyblock.fandom.com/wiki/Fragilis",
    "https://wiki.hypixel.net/Fragilis"
  ]
}