{
  "itemid": "minecraft:enchanted_book",
  "displayname": "§fEnchanted Book",
  "nbttag": "{ench:[],HideFlags:254,display:{Lore:[0:\"§9Frail II\",1:\"§7Sea creatures start with §a5%§7\",2:\"§7reduced health.\",3:\"\",4:\"§7Use this on an item in an Anvil\",5:\"§7to apply it!\",6:\"\",7:\"§6Source:\",8:\"§aI-V: §7Enchantment Table,\",9:\"§7Clay Collection\",10:\"\",11:\"§6Applied To:\",12:\"§7- §fFishing Rod\",13:\"§7- §fFishing Weapon\",14:\"\",15:\"§f§lCOMMON\"],Name:\"§fEnchanted Book\"},ExtraAttributes:{id:\"FRAIL;2\",enchantments:{frail:2}}}",
  "damage": 0,
  "lore": [
    "§9Frail II",
    "§7Sea creatures start with §a5%§7",
    "§7reduced health.",
    "",
    "§7Use this on an item in an Anvil",
    "§7to apply it!",
    "",
    "§6Source:",
    "§aI-V: §7Enchantment Table,",
    "§7Clay Collection",
    "",
    "§6Applied To:",
    "§7- §fFishing Rod",
    "§7- §fFishing Weapon",
    "",
    "§f§lCOMMON"
  ],
  "internalname": "FRAIL;2",
  "parent": "FRAIL;4",
  "clickcommand": "",
  "modver": "",
  "crafttext": "",
  "infoType": ""
}