{
  "itemid": "minecraft:enchanted_book",
  "displayname": "§f§9Enchanted Book",
  "nbttag": "{ench:[],HideFlags:254,display:{Lore:[0:\"§9Frail VI\",1:\"§7Sea creatures start with §a15%§7\",2:\"§7reduced health.\",3:\"\",4:\"§7Use this on an item in an Anvil\",5:\"§7to apply it!\",6:\"\",7:\"§6Source:\",8:\"§aVI: §7Fishing\",9:\"\",10:\"§6Applied To:\",11:\"§7- §fFishing Rod\",12:\"§7- §fFishing Weapon\",13:\"\",14:\"§9§lRARE\"],Name:\"§f§9Enchanted Book\"},ExtraAttributes:{id:\"FRAIL;6\",enchantments:{frail:6}}}",
  "damage": 0,
  "lore": [
    "§9Frail VI",
    "§7Sea creatures start with §a15%§7",
    "§7reduced health.",
    "",
    "§7Use this on an item in an Anvil",
    "§7to apply it!",
    "",
    "§6Source:",
    "§aVI: §7Fishing",
    "",
    "§6Applied To:",
    "§7- §fFishing Rod",
    "§7- §fFishing Weapon",
    "",
    "§9§lRARE"
  ],
  "internalname": "FRAIL;6",
  "parent": "FRAIL;4",
  "modver": "",
  "crafttext": "",
  "clickcommand": "",
  "infoType": ""
}