{
  "itemid": "minecraft:item_frame",
  "displayname": "§9Framed Volcanic Stonefish",
  "nbttag": "{HideFlags:254,display:{Lore:[0:\"§8§l* §8Soulbound §8§l*\",1:\"§9§lRARE\"],Name:\"§9Framed Volcanic Stonefish\"},ExtraAttributes:{id:\"FRAMED_VOLCANIC_STONEFISH\"}}",
  "damage": 0,
  "lore": [
    "§8§l* §8Soulbound §8§l*",
    "§9§lRARE"
  ],
  "internalname": "FRAMED_VOLCANIC_STONEFISH",
  "modver": "2.1.0-REL",
  "crafttext": "",
  "clickcommand": "",
  "infoType": "WIKI_URL",
  "info": [
    "https://hypixel-skyblock.fandom.com/wiki/Framed_Volcanic_Stonefish",
    "https://wiki.hypixel.net/Framed_Volcanic_Stonefish"
  ]
}