{
  "itemid": "minecraft:skull",
  "displayname": "§9Fred (NPC)",
  "nbttag": "{SkullOwner:{Id:\"9a87c4c4-ded6-2ad0-9929-434034381485\",Properties:{textures:[0:{Value:\"eyJ0ZXh0dXJlcyI6eyJTS0lOIjp7InVybCI6Imh0dHBzOi8vdGV4dHVyZXMubWluZWNyYWZ0Lm5ldC90ZXh0dXJlLzJkZGQ4OWE2YWU5NTdmNzY2ZDMwMDAxMWZmNDQ3MTQ4MWMzYmI2MWI2NzYwNzhhOGM2YzNjNDA4MzIwMWI1YzIifX19\"}]},Name:\"9a87c4c4-ded6-2ad0-9929-434034381485\"},display:{Lore:[0:\"\"],Name:\"§9Fred (NPC)\"},ExtraAttributes:{id:\"FRED_NPC\"}}",
  "damage": 3,
  "lore": [
    ""
  ],
  "internalname": "FRED_NPC",
  "clickcommand": "",
  "modver": "2.1.1-PRE",
  "x": -2,
  "y": 150,
  "z": -68,
  "island": "mining_3",
  "infoType": "WIKI_URL",
  "info": [
    "https://hypixel-skyblock.fandom.com/wiki/Fred",
    "https://wiki.hypixel.net/Fred"
  ]
}