{
  "itemid": "minecraft:blaze_powder",
  "displayname": "§6Free Will",
  "nbttag": "{ench:[],HideFlags:254,display:{Lore:[0:\"§7Giving this to a minion will give them\",1:\"§7the illusion of §dFree Will§7. They will be\",2:\"§7met with the most important choice of\",3:\"§7their minion life.\",4:\"\",5:\"§7They will either §astay §7and become\",6:\"§7loyal, granting §a+10% Minion Speed §7or\",7:\"§7§cleave you forever §7and send you a\",8:\"§7§dPostcard§7.\",9:\"\",10:\"§7Loyalty Chance:\",11:\"§7§a50% §7at Minion Tier I, §a+4% §7per minion\",12:\"§7tier.\",13:\"\",14:\"§5§kX§5 Rift-Transferable §kX\",15:\"§6§lLEGENDARY\"],Name:\"§6Free Will\"},ExtraAttributes:{id:\"FREE_WILL\"}}",
  "damage": 0,
  "lore": [
    "§7Giving this to a minion will give them",
    "§7the illusion of §dFree Will§7. They will be",
    "§7met with the most important choice of",
    "§7their minion life.",
    "",
    "§7They will either §astay §7and become",
    "§7loyal, granting §a+10% Minion Speed §7or",
    "§7§cleave you forever §7and send you a",
    "§7§dPostcard§7.",
    "",
    "§7Loyalty Chance:",
    "§7§a50% §7at Minion Tier I, §a+4% §7per minion",
    "§7tier.",
    "",
    "§5§kX§5 Rift-Transferable §kX",
    "§6§lLEGENDARY"
  ],
  "internalname": "FREE_WILL",
  "crafttext": "",
  "clickcommand": "",
  "modver": "",
  "infoType": "WIKI_URL",
  "info": [
    "https://hypixel-skyblock.fandom.com/wiki/Free_Will",
    "https://wiki.hypixel.net/Free_Will"
  ]
}