{
  "itemid": "minecraft:skull",
  "displayname": "§cFrench Bread",
  "nbttag": "{HideFlags:254,SkullOwner:{Id:\"38557fb2-eb28-3f32-b1a4-dc213a0a6735\",Properties:{textures:[0:{Value:\"eyJ0ZXh0dXJlcyI6eyJTS0lOIjp7InVybCI6Imh0dHA6Ly90ZXh0dXJlcy5taW5lY3JhZnQubmV0L3RleHR1cmUvOTA4ZmMzNDUzMWY2NTJmNWJlN2YyN2U0YjI3NDI5OTg2MjU2YWM0MjJhOGZiNTlmNmQ0MDViNWM4NWM3NmY3In19fQ\u003d\u003d\"}]}},display:{Lore:[0:\"§7It is known that scientists and other\",1:\"§7experts always find ways to\",2:\"§7disagree on every subject known to\",3:\"§7humankind. However, they can all\",4:\"§7agree on one thing - that this is the\",5:\"§7greatest meal ever created in\",6:\"§7history.\",7:\"§7\",8:\"§7Awarded to those who participated in\",9:\"§7Dungeons on the Alpha Hypixel\",10:\"§7Network.\",11:\"\",12:\"§c§lSPECIAL MEMENTO\"],Name:\"§cFrench Bread\"},ExtraAttributes:{originTag:\"UNKNOWN\",id:\"FRENCH_BREAD\"}}",
  "damage": 3,
  "lore": [
    "§7It is known that scientists and other",
    "§7experts always find ways to",
    "§7disagree on every subject known to",
    "§7humankind. However, they can all",
    "§7agree on one thing - that this is the",
    "§7greatest meal ever created in",
    "§7history.",
    "§7",
    "§7Awarded to those who participated in",
    "§7Dungeons on the Alpha Hypixel",
    "§7Network.",
    "",
    "§c§lSPECIAL MEMENTO"
  ],
  "internalname": "FRENCH_BREAD",
  "clickcommand": "",
  "modver": "2.3.0",
  "infoType": "WIKI_URL",
  "crafttext": "",
  "info": [
    "https://hypixel-skyblock.fandom.com/wiki/French_Bread",
    "https://wiki.hypixel.net/French_Bread"
  ]
}