{
  "itemid": "minecraft:feather",
  "displayname": "§aFried Feather",
  "nbttag": "{HideFlags:254,display:{Lore:[0:\"§7§7A greasy feather, somehow still in\",1:\"§7one piece despite having been\",2:\"§7doused in boiling-hot lava.\",3:\"\",4:\"§eRight-click to view recipes!\",5:\"\",6:\"§a§lUNCOMMON\"],Name:\"§aFried Feather\"},ExtraAttributes:{id:\"FRIED_FEATHER\"}}",
  "damage": 0,
  "lore": [
    "§7§7A greasy feather, somehow still in",
    "§7one piece despite having been",
    "§7doused in boiling-hot lava.",
    "",
    "§eRight-click to view recipes!",
    "",
    "§a§lUNCOMMON"
  ],
  "internalname": "FRIED_FEATHER",
  "clickcommand": "",
  "modver": "",
  "infoType": "WIKI_URL",
  "info": [
    "https://wiki.hypixel.net/Fried_Feather"
  ]
}