{
  "itemid": "minecraft:skull",
  "displayname": "§9Friendly Hiker (NPC)",
  "nbttag": "{HideFlags:254,SkullOwner:{Id:\"4d5f7c28-d4b7-2ae1-8cbd-40420a55db9e\",Properties:{textures:[0:{Value:\"eyJ0ZXh0dXJlcyI6eyJTS0lOIjp7InVybCI6Imh0dHBzOi8vdGV4dHVyZXMubWluZWNyYWZ0Lm5ldC90ZXh0dXJlL2MzNWEyMGY1NzgwYzY2N2M1ZjU3NmJhNjMwN2RiNjFiMzVhM2M5ZjNhZGM2YTg2NTQ1NDcyNWY0ZTc3YTExMiJ9fX0\u003d\"}]},Name:\"4d5f7c28-d4b7-2ae1-8cbd-40420a55db9e\"},display:{Lore:[0:\"\"],Name:\"§9Friendly Hiker (NPC)\"},ExtraAttributes:{id:\"FRIENDLY_HIKER_NPC\"}}",
  "damage": 3,
  "lore": [
    ""
  ],
  "internalname": "FRIENDLY_HIKER_NPC",
  "clickcommand": "",
  "modver": "2.1.1-PRE",
  "x": 182,
  "y": 78,
  "z": -381,
  "island": "farming_1",
  "crafttext": "",
  "infoType": "WIKI_URL",
  "info": [
    "https://hypixel-skyblock.fandom.com/wiki/Friendly_Hiker",
    "https://wiki.hypixel.net/Friendly_Hiker"
  ]
}