{
  "internalname": "FROSTY_SNOW_BALL",
  "itemid": "minecraft:snowball",
  "displayname": "§fFrosty Snowball",
  "clickcommand": "",
  "damage": 0,
  "nbttag": "{HideFlags:254,display:{Lore:[0:\"§f§lCOMMON\"],Name:\"§fFrosty Snowball\"},ExtraAttributes:{id:\"FROSTY_SNOW_BALL\"}}",
  "modver": "2.1.0-REL",
  "lore": [
    "§f§lCOMMON"
  ],
  "crafttext": "",
  "infoType": "WIKI_URL",
  "info": [
    "https://hypixel-skyblock.fandom.com/wiki/Frosty_Snowball",
    "https://wiki.hypixel.net/Frosty_Snowball"
  ]
}