{
  "itemid": "minecraft:enchanted_book",
  "displayname": "§fEnchanted Book",
  "nbttag": "{ench:[],HideFlags:254,display:{Lore:[0:\"§9Frost Walker I\",1:\"§7Ice blocks will be created below\",2:\"§7you when you walk above water in\",3:\"§7a radius of §a1 §7blocks.\",4:\"\",5:\"§7Use this on an item in an Anvil\",6:\"§7to apply it!\",7:\"\",8:\"§6Source:\",9:\"§aI-II: §7Enchantment Table,\",10:\"§7Ice Collection\",11:\"\",12:\"§6Applied To:\",13:\"§7- §fBoots\",14:\"\",15:\"§6Conflicts:\",16:\"§7- §cDepth Strider\",17:\"\",18:\"§f§lCOMMON\"],Name:\"§fEnchanted Book\"},ExtraAttributes:{id:\"FROST_WALKER;1\",enchantments:{frost_walker:1}}}",
  "damage": 0,
  "lore": [
    "§9Frost Walker I",
    "§7Ice blocks will be created below",
    "§7you when you walk above water in",
    "§7a radius of §a1 §7blocks.",
    "",
    "§7Use this on an item in an Anvil",
    "§7to apply it!",
    "",
    "§6Source:",
    "§aI-II: §7Enchantment Table,",
    "§7Ice Collection",
    "",
    "§6Applied To:",
    "§7- §fBoots",
    "",
    "§6Conflicts:",
    "§7- §cDepth Strider",
    "",
    "§f§lCOMMON"
  ],
  "internalname": "FROST_WALKER;1",
  "clickcommand": "",
  "modver": "2.0.0-REL",
  "crafttext": "",
  "infoType": ""
}
