{
  "itemid": "minecraft:skull",
  "displayname": "§3Frosty (Sea Creature)",
  "nbttag": "{HideFlags:254,SkullOwner:{Id:\"6dbe7d9f-0c7c-4301-b0f4-649b26660917\",Properties:{textures:[0:{Value:\"eyJ0ZXh0dXJlcyI6eyJTS0lOIjp7InVybCI6Imh0dHA6Ly90ZXh0dXJlcy5taW5lY3JhZnQubmV0L3RleHR1cmUvMTExMzY2MTZkOGM0YTg3YTU0Y2U3OGE5N2I1NTE2MTBjMmIyYzhmNmQ0MTBiYzM4Yjg1OGY5NzRiMTEzYjIwOCJ9fX0=\"}]}},display:{Lore:[0:\"§c❤ Health§8: §c10\",1:\"\",2:\"§a§lUNCOMMON\"],Name:\"§3Frosty (Sea Creature)\"},ExtraAttributes:{id:\"FROSTY_SC\"}}",
  "damage": 3,
  "lore": [
    "§c❤ Health§8: §c10",
    "",
    "§a§lUNCOMMON"
  ],
  "internalname": "FROSTY_SC",
  "clickcommand": "viewrecipe",
  "modver": "2.1.0-REL",
  "infoType": "WIKI_URL",
  "info": [
    "https://hypixel-skyblock.fandom.com/wiki/Frosty_(mob)",
    "https://wiki.hypixel.net/Frosty"
  ],
  "crafttext": "",
  "recipes": [
    {
      "name": "§cFrosty",
      "level": 13,
      "coins": 12,
      "xp": 30,
      "render": "Snowman",
      "panorama": "winter",
      "type": "drops",
      "extra": [
        "§cRequirements:",
        "§7- Fishing Skill 4",
        "§7- §bJerry's Workshop",
        "§7- §bFished from water"
      ],
      "drops": [
        {
          "id": "SNOW_BLOCK:8",
          "chance": "100%"
        },
        {
          "id": "ICE:4",
          "chance": "100%"
        },
        {
          "id": "WATER_LILY:2",
          "chance": "100%"
        },
        {
          "id": "CARROT_ITEM",
          "chance": "100%"
        },
        {
          "id": "SPONGE",
          "chance": "100%"
        },
        {
          "id": "RAW_FISH:2",
          "chance": "100%"
        },
        {
          "id": "WHITE_GIFT",
          "chance": "100%"
        },
        {
          "id": "ICE_HUNK:2",
          "chance": "100%"
        },
        {
          "id": "ESSENCE_ICE",
          "chance": "x2"
        },
        {
          "id": "DYE_ICEBERG",
          "extra": [],
          "chance": "0.0001%"
        }
      ]
    }
  ]
}