{
  "itemid": "minecraft:skull",
  "displayname": "§9Frozen Bait",
  "nbttag": "{HideFlags:254,SkullOwner:{Id:\"ccd28435-4b77-3627-81fa-b8db12f3f9cb\",Properties:{textures:[0:{Value:\"eyJ0ZXh0dXJlcyI6eyJTS0lOIjp7InVybCI6Imh0dHA6Ly90ZXh0dXJlcy5taW5lY3JhZnQubmV0L3RleHR1cmUvYzE4YzI5OTBhYjU1NzE2NTRlNTEzODE3NjkyODhjMGVlOGUzMTZmODhiYWVlYjk1OTY2ZWUyOTZkNmI5MjgwYyJ9fX0\u003d\"}]}},display:{Lore:[0:\"§8Fishing Bait\",1:\"§8Consumes on Cast\",2:\"\",3:\"§7Increases your chance to catch\",4:\"§7Winter Sea Creatures during the\",5:\"§7§cSeason of Jerry §7by §a35%§7.\",6:\"\",7:\"§9§lRARE BAIT\"],Name:\"§9Frozen Bait\"},ExtraAttributes:{id:\"FROZEN_BAIT\"}}",
  "damage": 3,
  "lore": [
    "§8Fishing Bait",
    "§8Consumes on Cast",
    "",
    "§7Increases your chance to catch",
    "§7Winter Sea Creatures during the",
    "§7§cSeason of Jerry §7by §a35%§7.",
    "",
    "§9§lRARE BAIT"
  ],
  "internalname": "FROZEN_BAIT",
  "crafttext": "",
  "clickcommand": "",
  "modver": "2.1.1-PRE",
  "infoType": "WIKI_URL",
  "info": [
    "https://hypixel-skyblock.fandom.com/wiki/Frozen_Bait",
    "https://wiki.hypixel.net/Frozen_Bait"
  ]
}