{
  "itemid": "minecraft:leather_boots",
  "displayname": "§6Frozen Blaze Boots",
  "nbttag": "{Unbreakable:1b,HideFlags:254,display:{Lore:[0:\"§7Strength: §c+40\",1:\"§7Defense: §a+95\",2:\"§7Speed: §a+2\",3:\" §8[§8❁§8] §8[§8⚔§8]\",4:\"\",5:\"§6Full Set Bonus: Frozen Blazing Aura §7(0/4)\",6:\"§7Damages mobs in a §a5§7 block range for\",7:\"§7§a300 §7base damage + §a3%§7 of their max\",8:\"§7§7§c❤ Health §7every second and applies\",9:\"§7§bSlowness I §7for §e4 §7seconds.\",10:\"\",11:\"§7Max §c500 §7damage/s\",12:\"§7Blaze Rod Collection: §6§k000\",13:\"§8+100 per 5,000 rods\",14:\"\",15:\"§7§8This item can be reforged!\",16:\"§7§4❣ §cRequires §aCombat Skill 22§c.\",17:\"§6§lLEGENDARY BOOTS\"],color:10541807,Name:\"§6Frozen Blaze Boots\"},ExtraAttributes:{id:\"FROZEN_BLAZE_BOOTS\"}}",
  "damage": 0,
  "lore": [
    "§7Strength: §c+40",
    "§7Defense: §a+95",
    "§7Speed: §a+2",
    " §8[§8❁§8] §8[§8⚔§8]",
    "",
    "§6Full Set Bonus: Frozen Blazing Aura §7(0/4)",
    "§7Damages mobs in a §a5§7 block range for",
    "§7§a300 §7base damage + §a3%§7 of their max",
    "§7§7§c❤ Health §7every second and applies",
    "§7§bSlowness I §7for §e4 §7seconds.",
    "",
    "§7Max §c500 §7damage/s",
    "§7Blaze Rod Collection: §6§k000",
    "§8+100 per 5,000 rods",
    "",
    "§7§8This item can be reforged!",
    "§7§4❣ §cRequires §aCombat Skill 22§c.",
    "§6§lLEGENDARY BOOTS"
  ],
  "recipe": {
    "A1": "ENCHANTED_PACKED_ICE:8",
    "A2": "ENCHANTED_PACKED_ICE:8",
    "A3": "ENCHANTED_PACKED_ICE:8",
    "B1": "ENCHANTED_PACKED_ICE:8",
    "B2": "BLAZE_BOOTS:1",
    "B3": "ENCHANTED_PACKED_ICE:8",
    "C1": "ENCHANTED_PACKED_ICE:8",
    "C2": "ENCHANTED_PACKED_ICE:8",
    "C3": "ENCHANTED_PACKED_ICE:8"
  },
  "internalname": "FROZEN_BLAZE_BOOTS",
  "clickcommand": "viewrecipe",
  "modver": "",
  "infoType": "WIKI_URL",
  "info": [
    "https://hypixel-skyblock.fandom.com/wiki/Frozen_Blaze_Boots",
    "https://wiki.hypixel.net/Frozen_Blaze_Boots"
  ],
  "crafttext": "Requires: Ice IX"
}