{
  "itemid": "minecraft:ice",
  "displayname": "§9Frozen Water",
  "nbttag": "{HideFlags:254,display:{Lore:[0:\"§7One could say it\u0027s... ice cold.\",1:\"\",2:\"§eRight-click to view recipes!\",3:\"\",4:\"§9§lRARE\"],Name:\"§9Frozen Water\"},ExtraAttributes:{id:\"FROZEN_WATER\"}}",
  "damage": 0,
  "lore": [
    "§7One could say it\u0027s... ice cold.",
    "",
    "§eRight-click to view recipes!",
    "",
    "§9§lRARE"
  ],
  "internalname": "FROZEN_WATER",
  "crafttext": "",
  "clickcommand": "",
  "modver": "2.1.1-PRE",
  "infoType": "WIKI_URL",
  "info": [
    "https://hypixel-skyblock.fandom.com/wiki/Frozen_Water",
    "https://wiki.hypixel.net/Frozen_Water"
  ]
}