{
  "itemid": "minecraft:skull",
  "displayname": "§9Frozen Chicken",
  "nbttag": "{HideFlags:254,SkullOwner:{Id:\"2fdc6f3b-e3fd-354d-a90a-69c8b5e0ce0f\",Properties:{textures:[0:{Value:\"eyJ0ZXh0dXJlcyI6eyJTS0lOIjp7InVybCI6Imh0dHA6Ly90ZXh0dXJlcy5taW5lY3JhZnQubmV0L3RleHR1cmUvZDYxYzMzMDI0MjQ2ZWQyMTlhMTMxN2UyNDU5MTMwZjJhZWQyMjc2NTVlODVjZjAxZmM1MTM0ODEyMzZkOGRkMSJ9fX0\u003d\"}]}},display:{Lore:[0:\"§7Speed: §a+1\",1:\"\",2:\"§8§l* §8Soulbound §8§l*\",3:\"§9§lRARE ACCESSORY\"],Name:\"§9Frozen Chicken\"},ExtraAttributes:{modifier:\"none\",originTag:\"REWARD_GULLIVER:FROZEN_CHICKEN\",id:\"FROZEN_CHICKEN\"}}",
  "damage": 3,
  "lore": [
    "§7Speed: §a+1",
    "",
    "§8§l* §8Soulbound §8§l*",
    "§9§lRARE ACCESSORY"
  ],
  "internalname": "FROZEN_CHICKEN",
  "crafttext": "",
  "clickcommand": "",
  "modver": "2.1.1-PRE",
  "infoType": "WIKI_URL",
  "info": [
    "https://hypixel-skyblock.fandom.com/wiki/Frozen_Chicken",
    "https://wiki.hypixel.net/Frozen_Chicken"
  ],
  "recipes": [
    {
      "type": "trade",
      "cost": "ENCHANTED_EMERALD:8",
      "result": "FROZEN_CHICKEN"
    }
  ]
}