{
  "itemid": "minecraft:spider_eye",
  "displayname": "§5Frozen Water Pungi",
  "nbttag": "{HideFlags:254,display:{Lore:[0:\"§6Ability: Snake Taming  §e§lHOLD RIGHT CLICK\",1:\"§7Aim at a §9Living Metal Snake §7to deeply\",2:\"§7calm it, allowing §eanother player §7to\",3:\"§7mine it.\",4:\"\",5:\"§5§lEPIC\"],Name:\"§5Frozen Water Pungi\"},ExtraAttributes:{id:\"FROZEN_WATER_PUNGI\"}}",
  "damage": 0,
  "lore": [
    "§6Ability: Snake Taming  §e§lHOLD RIGHT CLICK",
    "§7Aim at a §9Living Metal Snake §7to deeply",
    "§7calm it, allowing §eanother player §7to",
    "§7mine it.",
    "",
    "§5§lEPIC"
  ],
  "recipe": {
    "A1": "FROZEN_WATER:16",
    "A2": "FROZEN_WATER:16",
    "A3": "FROZEN_WATER:16",
    "B1": "FROZEN_WATER:16",
    "B2": "NULLIFIED_METAL:8",
    "B3": "FROZEN_WATER:16",
    "C1": "FROZEN_WATER:16",
    "C2": "FROZEN_WATER:16",
    "C3": "FROZEN_WATER:16"
  },
  "internalname": "FROZEN_WATER_PUNGI",
  "crafttext": "",
  "clickcommand": "viewrecipe",
  "modver": "2.1.1-PRE",
  "infoType": "WIKI_URL",
  "info": [
    "https://hypixel-skyblock.fandom.com/wiki/Frozen_Water_Pungi",
    "https://wiki.hypixel.net/Frozen_Water_Pungi"
  ]
}