{
  "itemid": "minecraft:skull",
  "displayname": "§6Icicle Skin",
  "nbttag": "{overrideMeta:1b,HideFlags:254,SkullOwner:{Id:\"52daafd7-8270-3e00-aca2-5f757e8f3e18\",Properties:{textures:[0:{Value:\"eyJ0ZXh0dXJlcyI6eyJTS0lOIjp7InVybCI6Imh0dHA6Ly90ZXh0dXJlcy5taW5lY3JhZnQubmV0L3RleHR1cmUvZTEzYzI1NjQwNzA1MTM2Y2Y3NzY3ODQ5MTBjNjNhMGYxNjBmNWFmNmEzOGNjYWNmYmIzMDcxZjI0N2I4MjAwNCJ9fX0K\"}]}},display:{Lore:[0:\"§7§7Item skins give your gear a\",1:\"§7fresh new look! Apply them just\",2:\"§7like an enchant book using the\",3:\"§7anvil.\",4:\"§7\",5:\"§7§7This skin can be applied to\",6:\"§7§a§5Frozen Blaze Helmet\",7:\"\",8:\"§6§lLEGENDARY COSMETIC\"],Name:\"§6Icicle Skin\"},ExtraAttributes:{id:\"FROZEN_BLAZE_ICICLE\"},AttributeModifiers:[]}",
  "damage": 3,
  "lore": [
    "§7§7Item skins give your gear a",
    "§7fresh new look! Apply them just",
    "§7like an enchant book using the",
    "§7anvil.",
    "§7",
    "§7§7This skin can be applied to",
    "§7§a§5Frozen Blaze Helmet",
    "",
    "§6§lLEGENDARY COSMETIC"
  ],
  "internalname": "FROZEN_BLAZE_ICICLE",
  "crafttext": "",
  "clickcommand": "",
  "modver": "2.1.0-REL",
  "infoType": "WIKI_URL",
  "info": [
    "https://hypixel-skyblock.fandom.com/wiki/Icicle_Skin",
    "https://wiki.hypixel.net/Icicle_Skin"
  ]
}