{
  "itemid": "minecraft:skull",
  "displayname": "§5Frozen Bauble",
  "nbttag": "{HideFlags:254,SkullOwner:{Id:\"3351cb07-1fd3-377d-a204-0c3ab889746b\",Properties:{textures:[0:{Value:\"eyJ0ZXh0dXJlcyI6eyJTS0lOIjp7InVybCI6Imh0dHA6Ly90ZXh0dXJlcy5taW5lY3JhZnQubmV0L3RleHR1cmUvZTBmZDEzYTk2YTgyNDMwNjIxYTY1ZWE5N2U4OTgxOWNhMGI2OGMwMzQyNTMwMjVkYTA0MjhiYmNhZDQzZmQ2MyJ9fX0\u003d\"}]}},display:{Lore:[0:\"§8Reforge Stone\",1:\"§7§8Combinable in Reforge Anvil\",2:\"\",3:\"§7Applies the §9Festive §7reforge when\",4:\"§7combined with armor§7.\",5:\"\",6:\"§9Festive §7(§6Legendary§7):\",7:\"§7Intelligence: §a+25\",8:\"§7Sea Creature Chance: §c+0.2%\",9:\"§7Fishing Speed: §a+8\",10:\"\",11:\"§7Requires §aMining Skill Level XX§7!\",12:\"\",13:\"§5§lEPIC REFORGE STONE\"],Name:\"§5Frozen Bauble\"},ExtraAttributes:{id:\"FROZEN_BAUBLE\"}}",
  "damage": 3,
  "lore": [
    "§8Reforge Stone",
    "§7§8Combinable in Reforge Anvil",
    "",
    "§7Applies the §9Festive §7reforge when",
    "§7combined with armor§7.",
    "",
    "§9Festive §7(§6Legendary§7):",
    "§7Intelligence: §a+25",
    "§7Sea Creature Chance: §c+0.2%",
    "§7Fishing Speed: §a+8",
    "",
    "§7Requires §aMining Skill Level XX§7!",
    "",
    "§5§lEPIC REFORGE STONE"
  ],
  "internalname": "FROZEN_BAUBLE",
  "crafttext": "",
  "clickcommand": "",
  "modver": "",
  "infoType": "WIKI_URL",
  "info": [
    "https://hypixel-skyblock.fandom.com/wiki/Frozen_Bauble",
    "https://wiki.hypixel.net/Frozen_Bauble"
  ]
}