{
  "itemid": "minecraft:dye",
  "displayname": "§cFudge Mint Core",
  "nbttag": "{ench:[],HideFlags:254,display:{Lore:[0:\"§8Consumable\",1:\"\",2:\"§7Consume this awesome fudge\",3:\"§7flavored mint to permanently gain\",4:\"§7§3+1☯ Social Wisdom §cwhile not playing\",5:\"§cSkyBlock§7.\",6:\"\",7:\"§7Obtained from the §dA Honk and Seek\",8:\"§dAdventure §7event during April Fools.\",9:\"\",10:\"§eRight-click to consume!\",11:\"\",12:\"§c§lSPECIAL\"],Name:\"§cFudge Mint Core\"},ExtraAttributes:{id:\"FUDGE_MINT_CORE\"}}",
  "damage": 3,
  "lore": [
    "§8Consumable",
    "",
    "§7Consume this awesome fudge",
    "§7flavored mint to permanently gain",
    "§7§3+1☯ Social Wisdom §cwhile not playing",
    "§cSkyBlock§7.",
    "",
    "§7Obtained from the §dA Honk and Seek",
    "§dAdventure §7event during April Fools.",
    "",
    "§eRight-click to consume!",
    "",
    "§c§lSPECIAL"
  ],
  "internalname": "FUDGE_MINT_CORE",
  "crafttext": "",
  "clickcommand": "",
  "modver": "",
  "infoType": ""
}