{
  "itemid": "minecraft:skull",
  "displayname": "§9Fuel Canister",
  "nbttag": "{HideFlags:254,SkullOwner:{Id:\"5f97943e-01ae-32c6-94a7-01ac386673b0\",Properties:{textures:[0:{Value:\"eyJ0ZXh0dXJlcyI6eyJTS0lOIjp7InVybCI6Imh0dHA6Ly90ZXh0dXJlcy5taW5lY3JhZnQubmV0L3RleHR1cmUvNTc1YjU4NmQyOWFhNGY2MzAwNjcwN2ZiZTk0YTMzYzg5YzIyNWY0OWIzYjQ0Y2IxODE3Mzg2NTZjOTQyZTI3NyJ9fX0\u003d\"}]}},display:{Lore:[0:\"§9§lRARE\"],Name:\"§9Fuel Canister\"},ExtraAttributes:{id:\"FUEL_TANK\"}}",
  "damage": 3,
  "lore": [
    "§9§lRARE"
  ],
  "internalname": "FUEL_TANK",
  "crafttext": "",
  "clickcommand": "viewrecipe",
  "modver": "",
  "infoType": "WIKI_URL",
  "info": [
    "https://hypixel-skyblock.fandom.com/wiki/Fuel_Canister",
    "https://wiki.hypixel.net/Fuel_Canister"
  ],
  "recipes": [
    {
      "type": "forge",
      "inputs": [
        "ENCHANTED_COAL_BLOCK:2"
      ],
      "count": 1,
      "overrideOutputId": "FUEL_TANK",
      "duration": 36000
    }
  ]
}