{
  "itemid": "minecraft:skull",
  "displayname": "§dComplete Century Cake Bundle",
  "nbttag": "{ench:[],HideFlags:254,SkullOwner:{Id:\"feb82650-e75f-3bba-98e6-d0d439873b59\",Properties:{textures:[0:{Value:\"eyJ0ZXh0dXJlcyI6eyJTS0lOIjp7InVybCI6Imh0dHA6Ly90ZXh0dXJlcy5taW5lY3JhZnQubmV0L3RleHR1cmUvNTYwZmFiYjE4Y2RlYjI3NmJiZjM2OGRkOTcxOTE4YTVkYThiOTdiYjg4NjY4MzcwYWM1YzMxZmZkMGU2NGMxYyJ9fX0\u003d\"}]}},display:{Lore:[0:\"§7Consume to unwrap a century cake\",1:\"§7of §devery color§7!\",2:\"\",3:\"§eRight-click to consume!\",4:\"\",5:\"§d§lMYTHIC\"],Name:\"§dComplete Century Cake Bundle\"},ExtraAttributes:{id:\"FULL_CENTURY_CAKE_PACK\"}}",
  "damage": 3,
  "lore": [
    "§7Consume to unwrap a century cake",
    "§7of §devery color§7!",
    "",
    "§eRight-click to consume!",
    "",
    "§d§lMYTHIC"
  ],
  "internalname": "FULL_CENTURY_CAKE_PACK",
  "crafttext": "",
  "clickcommand": "",
  "modver": "2.1.1-PRE",
  "infoType": "WIKI_URL",
  "info": [
    "https://hypixel-skyblock.fandom.com/wiki/Complete_Century_Cake_Bundle",
    "https://wiki.hypixel.net/Complete_Century_Cake_Bundle"
  ]
}