{
  "itemid": "minecraft:dye",
  "displayname": "§9Full-Jaw Fanging Kit",
  "nbttag": "{ench:[],HideFlags:254,display:{Lore:[0:\"§8Reforge Stone\",1:\"§7§8Combinable in Reforge Anvil\",2:\"\",3:\"§7Applies the §9Fanged §7reforge when\",4:\"§7combined with a melee weapon§7.\",5:\"\",6:\"§7§8§oFangs! Very menacing.\",7:\"\",8:\"§9Fanged §7(§6Legendary§7):\",9:\"§7Strength: §c+60\",10:\"§7Crit Chance: §c+8%\",11:\"§7Bonus Attack Speed: §c+9%\",12:\"§7Vitality: §a+8\",13:\"\",14:\"§9Fanged Bonus\",15:\"§7Every §c7th §7melee hit on an enemy\",16:\"§7§7deals §c+100% §7damage.\",17:\"\",18:\"§7Requires §aMining Skill Level XIII§7!\",19:\"\",20:\"§9§lRARE REFORGE STONE\"],Name:\"§9Full-Jaw Fanging Kit\"},ExtraAttributes:{id:\"FULL_JAW_FANGING_KIT\"}}",
  "damage": 15,
  "lore": [
    "§8Reforge Stone",
    "§7§8Combinable in Reforge Anvil",
    "",
    "§7Applies the §9Fanged §7reforge when",
    "§7combined with a melee weapon§7.",
    "",
    "§7§8§oFangs! Very menacing.",
    "",
    "§9Fanged §7(§6Legendary§7):",
    "§7Strength: §c+60",
    "§7Crit Chance: §c+8%",
    "§7Bonus Attack Speed: §c+9%",
    "§7Vitality: §a+8",
    "",
    "§9Fanged Bonus",
    "§7Every §c7th §7melee hit on an enemy",
    "§7§7deals §c+100% §7damage.",
    "",
    "§7Requires §aMining Skill Level XIII§7!",
    "",
    "§9§lRARE REFORGE STONE"
  ],
  "internalname": "FULL_JAW_FANGING_KIT",
  "crafttext": "Requires: Hemovibe VII",
  "clickcommand": "",
  "modver": "",
  "infoType": "WIKI_URL",
  "info": [
    "https://hypixel-skyblock.fandom.com/wiki/Full-Jaw_Fanging_Kit",
    "https://wiki.hypixel.net/Full-Jaw_Fanging_Kit"
  ]
}