{
  "itemid": "minecraft:furnace",
  "displayname": "§fFurnace",
  "nbttag": "{HideFlags:254,display:{Lore:[0:\"§f§lCOMMON\"],Name:\"§fFurnace\"},ExtraAttributes:{id:\"FURNACE\"}}",
  "damage": 0,
  "lore": [
    "§f§lCOMMON"
  ],
  "internalname": "FURNACE",
  "modver": "1.3-REL",
  "vanilla": true,
  "clickcommand": "viewrecipe",
  "recipe": {
    "A1": "COBBLESTONE:1",
    "A2": "COBBLESTONE:1",
    "A3": "COBBLESTONE:1",
    "B1": "COBBLESTONE:1",
    "B2": "",
    "B3": "COBBLESTONE:1",
    "C1": "COBBLESTONE:1",
    "C2": "COBBLESTONE:1",
    "C3": "COBBLESTONE:1"
  }
}
