{
  "itemid": "minecraft:fish",
  "displayname": "§f§f§cGabagool the Fish",
  "nbttag": "{ench:[],HideFlags:254,display:{Lore:[0:\"§7If the salad is on top, I send\",1:\"§7it back.\",2:\"\",3:\"§c§lSPECIAL\"],Name:\"§f§f§cGabagool the Fish\"},ExtraAttributes:{id:\"GABAGOOL_THE_FISH\"}}",
  "damage": 1,
  "lore": [
    "§7If the salad is on top, I send",
    "§7it back.",
    "",
    "§c§lSPECIAL"
  ],
  "internalname": "GABAGOOL_THE_FISH",
  "crafttext": "",
  "clickcommand": "",
  "modver": "2.1.0-REL",
  "infoType": "WIKI_URL",
  "info": [
    "https://hypixel-skyblock.fandom.com/wiki/Gabagool_The_Fish",
    "https://wiki.hypixel.net/Gabagool_The_Fish"
  ]
}