{
  "internalname": "GAME_BREAKER",
  "itemid": "minecraft:tnt",
  "displayname": "§cGame Breaker",
  "clickcommand": "",
  "damage": 0,
  "nbttag": "{ench:[],HideFlags:254,display:{Lore:[0:\"§7This item was given to a player\",1:\"§7who reported a game breaking\",2:\"§7exploit. What a guy!\",3:\"\",4:\"§c§lVERY SPECIAL\"],Name:\"§cGame Breaker\"},ExtraAttributes:{id:\"GAME_BREAKER\"}}",
  "modver": "2.1.1-PRE",
  "lore": [
    "§7This item was given to a player",
    "§7who reported a game breaking",
    "§7exploit. What a guy!",
    "",
    "§c§lVERY SPECIAL"
  ],
  "infoType": "WIKI_URL",
  "info": [
    "https://hypixel-skyblock.fandom.com/wiki/Game_Breaker",
    "https://wiki.hypixel.net/Game_Breaker"
  ],
  "crafttext": ""
}