{
  "itemid": "minecraft:skull",
  "displayname": "§dGarlacius (Rift NPC)",
  "nbttag": "{SkullOwner:{Id:\"d0a0600a-a988-2dfd-9269-1af49f9859ca\",Properties:{textures:[0:{Value:\"eyJ0ZXh0dXJlcyI6eyJTS0lOIjp7InVybCI6Imh0dHBzOi8vdGV4dHVyZXMubWluZWNyYWZ0Lm5ldC90ZXh0dXJlL2FlZjkwNGM2NmY0Y2QzNTdlYjgwYTFlNDA1NzgzZjUyMWQyODQ1MDM0MzVhZWRlNjAzYzg5ZGIxNWU2ODU3MDkifX19\"}]},Name:\"d0a0600a-a988-2dfd-9269-1af49f9859ca\"},display:{Lore:[0:\"\"],Name:\"§dGarlacius (Rift NPC)\"},ExtraAttributes:{id:\"GARLACIUS_RIFT_NPC\"}}",
  "damage": 3,
  "lore": [
    ""
  ],
  "internalname": "GARLACIUS_RIFT_NPC",
  "clickcommand": "",
  "modver": "2.1.1-PRE",
  "x": -129,
  "y": 80,
  "z": 171,
  "island": "rift",
  "infoType": "WIKI_URL",
  "info": [
    "https://hypixel-skyblock.fandom.com/wiki/Garlacius",
    "https://wiki.hypixel.net/Garlacius"
  ]
}