{
  "itemid": "minecraft:skull",
  "displayname": "§9Gary (NPC)",
  "nbttag": "{SkullOwner:{Id:\"f062ba5e-4ba6-2ffe-9d8c-4c5e5623b55c\",Properties:{textures:[0:{Value:\"eyJ0ZXh0dXJlcyI6eyJTS0lOIjp7InVybCI6Imh0dHBzOi8vdGV4dHVyZXMubWluZWNyYWZ0Lm5ldC90ZXh0dXJlL2IwZTJlZjhiNDdkNjNkYmEzNzU1ODgxMTgxOGQxY2I2MjkzYWQwZTMyODRjMDIwNTFjY2ZjNGQ5MTE4MzliYmYifX19\"}]},Name:\"f062ba5e-4ba6-2ffe-9d8c-4c5e5623b55c\"},display:{Lore:[0:\"\"],Name:\"§9Gary (NPC)\"},ExtraAttributes:{id:\"GARY_NPC\"}}",
  "damage": 3,
  "lore": [
    ""
  ],
  "internalname": "GARY_NPC",
  "clickcommand": "",
  "modver": "2.1.1-PRE",
  "x": 54,
  "y": 104,
  "z": 57,
  "island": "winter",
  "infoType": "WIKI_URL",
  "info": [
    "https://hypixel-skyblock.fandom.com/wiki/Gary",
    "https://wiki.hypixel.net/Gary"
  ]
}