{
  "itemid": "minecraft:skull",
  "displayname": "§9Gavin (NPC)",
  "nbttag": "{SkullOwner:{Id:\"df366c93-2640-24d9-9d5e-aee9fadae95d\",Properties:{textures:[0:{Value:\"eyJ0ZXh0dXJlcyI6eyJTS0lOIjp7InVybCI6Imh0dHBzOi8vdGV4dHVyZXMubWluZWNyYWZ0Lm5ldC90ZXh0dXJlL2Q2ZTM3NTZkOGNmYWM1NDA1NWJjZDU1MjVkMmEzYWJlZmU2Y2VmNzc5MjRmOGE5OTg0NmJlYTJmZWZmNzYxMTQifX19\"}]},Name:\"df366c93-2640-24d9-9d5e-aee9fadae95d\"},display:{Lore:[0:\"\"],Name:\"§9Gavin (NPC)\"},ExtraAttributes:{id:\"GAVIN_NPC\"}}",
  "damage": 3,
  "lore": [
    ""
  ],
  "internalname": "GAVIN_NPC",
  "clickcommand": "",
  "modver": "",
  "x": 162,
  "y": 71,
  "z": 44,
  "island": "hub",
  "infoType": "WIKI_URL",
  "info": [
    "https://wiki.hypixel.net/Gavin"
  ]
}