{
  "itemid": "minecraft:skull",
  "displayname": "§f§f§2◆ Gem Rune I",
  "nbttag": "{overrideMeta:1b,HideFlags:254,SkullOwner:{Id:\"fccca84c-6375-3d3f-b9bc-4ce4a78f632a\",Properties:{textures:[0:{Value:\"eyJ0ZXh0dXJlcyI6eyJTS0lOIjp7InVybCI6Imh0dHBzOi8vdGV4dHVyZXMubWluZWNyYWZ0Lm5ldC90ZXh0dXJlLzQzYTFhZDRmY2M0MmZiNjNjNjgxMzI4ZTQyZDYzYzgzY2ExOTNiMzMzYWYyYTQyNjcyOGEyNWE4Y2M2MDA2OTIifX19\"}]}},display:{Lore:[0:\"§8Requires level 4\",1:\"§8Bows\",2:\"\",3:\"§7Create a gem effect behind your\",4:\"§7arrows!\",5:\"\",6:\"§7Apply this rune to bows or fuse\",7:\"§7two together at the Runic\",8:\"§7Pedestal!\",9:\"\",10:\"§f§lCOMMON COSMETIC\"],Name:\"§f§f§2◆ Gem Rune I\"},ExtraAttributes:{runes:{GEM:1},id:\"GEM_RUNE;1\"},AttributeModifiers:[]}",
  "damage": 3,
  "lore": [
    "§8Requires level 4",
    "§8Bows",
    "",
    "§7Create a gem effect behind your",
    "§7arrows!",
    "",
    "§7Apply this rune to bows or fuse",
    "§7two together at the Runic",
    "§7Pedestal!",
    "",
    "§f§lCOMMON COSMETIC"
  ],
  "internalname": "GEM_RUNE;1",
  "crafttext": "",
  "clickcommand": "",
  "modver": "2.0.0-REL",
  "infoType": "WIKI_URL",
  "info": [
    "https://hypixel-skyblock.fandom.com/wiki/Gem_Rune",
    "https://wiki.hypixel.net/◆_Gem_Rune_I"
  ]
}