{
  "itemid": "minecraft:prismarine_shard",
  "displayname": "§9Gemstone Drill LT-522",
  "nbttag": "{HideFlags:254,display:{Lore:[0:\"§8Breaking Power 8\",1:\"\",2:\"§7Damage: §c+75\",3:\"§7Mining Speed: §a+300\",4:\"§7Pristine: §a+1\",5:\"§7Mining Fortune: §a+30\",6:\"§7Gemstone Fortune: §a+50\",7:\" §8[§7⸕§8] §8[§8☘§8]\",8:\"\",9:\"§7§7Grants §d+10% §dGemstone Powder§7, and\",10:\"§7§6+800⸕ Mining Speed §7when mining\",11:\"§7§dGemstones§7.\",12:\"\",13:\"§7§7Fuel Tank: §cNot Installed\",14:\"§7§7Increases fuel capacity with part\",15:\"§7installed.\",16:\"\",17:\"§7§7Drill Engine: §cNot Installed\",18:\"§7§7Increases §6⸕ Mining Speed §7with part\",19:\"§7installed.\",20:\"\",21:\"§7§7Upgrade Module: §cNot Installed\",22:\"§7§7Applies a passive upgrade with part\",23:\"§7installed.\",24:\"\",25:\"§7Apply Drill Parts to this Drill by\",26:\"§7talking to a §2Drill Mechanic§7!\",27:\"\",28:\"§7§7Fuel: §23,000§8/3k\",29:\"\",30:\"§7§8This item can be reforged!\",31:\"§7§4❣ §cRequires §5Heart of the Mountain Tier 4§c.\",32:\"§9§lRARE DRILL\"],Name:\"§9Gemstone Drill LT-522\"},ExtraAttributes:{drill_fuel:3000,id:\"GEMSTONE_DRILL_2\"}}",
  "damage": 0,
  "lore": [
    "§8Breaking Power 8",
    "",
    "§7Damage: §c+75",
    "§7Mining Speed: §a+300",
    "§7Pristine: §a+1",
    "§7Mining Fortune: §a+30",
    "§7Gemstone Fortune: §a+50",
    " §8[§7⸕§8] §8[§8☘§8]",
    "",
    "§7§7Grants §d+10% §dGemstone Powder§7, and",
    "§7§6+800⸕ Mining Speed §7when mining",
    "§7§dGemstones§7.",
    "",
    "§7§7Fuel Tank: §cNot Installed",
    "§7§7Increases fuel capacity with part",
    "§7installed.",
    "",
    "§7§7Drill Engine: §cNot Installed",
    "§7§7Increases §6⸕ Mining Speed §7with part",
    "§7installed.",
    "",
    "§7§7Upgrade Module: §cNot Installed",
    "§7§7Applies a passive upgrade with part",
    "§7installed.",
    "",
    "§7Apply Drill Parts to this Drill by",
    "§7talking to a §2Drill Mechanic§7!",
    "",
    "§7§7Fuel: §23,000§8/3k",
    "",
    "§7§8This item can be reforged!",
    "§7§4❣ §cRequires §5Heart of the Mountain Tier 4§c.",
    "§9§lRARE DRILL"
  ],
  "internalname": "GEMSTONE_DRILL_2",
  "crafttext": "Requires: HotM 4",
  "clickcommand": "viewrecipe",
  "modver": "",
  "infoType": "WIKI_URL",
  "info": [
    "https://hypixel-skyblock.fandom.com/wiki/Gemstone_Drill_Model_LT-522",
    "https://wiki.hypixel.net/Gemstone_Drill_LT-522"
  ],
  "recipes": [
    {
      "type": "forge",
      "inputs": [
        "GEMSTONE_DRILL_1:1",
        "GEMSTONE_MIXTURE:3"
      ],
      "count": 1,
      "overrideOutputId": "GEMSTONE_DRILL_2",
      "duration": 30
    }
  ]
}