{
  "itemid": "minecraft:prismarine_shard",
  "displayname": "§9Ruby Drill TX-15",
  "nbttag": "{ench:[],HideFlags:254,display:{Lore:[0:\"§8Breaking Power 7\",1:\"\",2:\"§7Damage: §c+75\",3:\"§7Mining Speed: §a+150\",4:\"§7Pristine: §a+0.5\",5:\"§7Gemstone Fortune: §a+60\",6:\" §8[§7⸕§8] §8[§8☘§8]\",7:\"\",8:\"§7§7Grants §d+5% §dGemstone Powder§7, and\",9:\"§7§6+800⸕ Mining Speed §7when mining\",10:\"§7§dGemstones§7.\",11:\"\",12:\"§7§7Fuel Tank: §cNot Installed\",13:\"§7§7Increases fuel capacity with part\",14:\"§7installed.\",15:\"\",16:\"§7§7Drill Engine: §cNot Installed\",17:\"§7§7Increases §6⸕ Mining Speed §7with part\",18:\"§7installed.\",19:\"\",20:\"§7§7Upgrade Module: §cNot Installed\",21:\"§7§7Applies a passive upgrade with part\",22:\"§7installed.\",23:\"\",24:\"§7Apply Drill Parts to this Drill by\",25:\"§7talking to a §2Drill Mechanic§7!\",26:\"\",27:\"§7§7Fuel: §22,955§8/3k\",28:\"\",29:\"§7§8This item can be reforged!\",30:\"§7§4❣ §cRequires §5Heart of the Mountain Tier 4§c.\",31:\"§9§lRARE DRILL\"],Name:\"§9Ruby Drill TX-15\"},ExtraAttributes:{drill_fuel:2955,id:\"GEMSTONE_DRILL_1\"}}",
  "damage": 0,
  "lore": [
    "§8Breaking Power 7",
    "",
    "§7Damage: §c+75",
    "§7Mining Speed: §a+150",
    "§7Pristine: §a+0.5",
    "§7Gemstone Fortune: §a+60",
    " §8[§7⸕§8] §8[§8☘§8]",
    "",
    "§7§7Grants §d+5% §dGemstone Powder§7, and",
    "§7§6+800⸕ Mining Speed §7when mining",
    "§7§dGemstones§7.",
    "",
    "§7§7Fuel Tank: §cNot Installed",
    "§7§7Increases fuel capacity with part",
    "§7installed.",
    "",
    "§7§7Drill Engine: §cNot Installed",
    "§7§7Increases §6⸕ Mining Speed §7with part",
    "§7installed.",
    "",
    "§7§7Upgrade Module: §cNot Installed",
    "§7§7Applies a passive upgrade with part",
    "§7installed.",
    "",
    "§7Apply Drill Parts to this Drill by",
    "§7talking to a §2Drill Mechanic§7!",
    "",
    "§7§7Fuel: §22,955§8/3k",
    "",
    "§7§8This item can be reforged!",
    "§7§4❣ §cRequires §5Heart of the Mountain Tier 4§c.",
    "§9§lRARE DRILL"
  ],
  "internalname": "GEMSTONE_DRILL_1",
  "crafttext": "Requires: HotM 4",
  "clickcommand": "viewrecipe",
  "modver": "",
  "infoType": "WIKI_URL",
  "info": [
    "https://hypixel-skyblock.fandom.com/wiki/Ruby_Drill_Model_TX-15",
    "https://wiki.hypixel.net/Ruby_Drill_TX-15"
  ],
  "recipes": [
    {
      "type": "forge",
      "inputs": [
        "DRILL_ENGINE:1",
        "FUEL_TANK:1",
        "FINE_RUBY_GEM:6"
      ],
      "count": 1,
      "overrideOutputId": "GEMSTONE_DRILL_1",
      "duration": 14400
    }
  ]
}
