{
  "itemid": "minecraft:prismarine_shard",
  "displayname": "§5Jasper Drill X",
  "nbttag": "{ench:[],HideFlags:254,display:{Lore:[0:\"§8Breaking Power 9\",1:\"\",2:\"§7Damage: §c+75\",3:\"§7Mining Speed: §a+600\",4:\"§7Pristine: §a+2\",5:\"§7Gemstone Fortune: §a+120\",6:\" §8[§7⸕§8] §8[§8☘§8]\",7:\"\",8:\"§7§7Grants §d+20% §dGemstone Powder§7, and\",9:\"§7§6+800⸕ Mining Speed §7when mining\",10:\"§7§dGemstones§7.\",11:\"\",12:\"§7§7Fuel Tank: §cNot Installed\",13:\"§7§7Increases fuel capacity with part\",14:\"§7installed.\",15:\"\",16:\"§7§7Drill Engine: §cNot Installed\",17:\"§7§7Increases §6⸕ Mining Speed §7with part\",18:\"§7installed.\",19:\"\",20:\"§7§7Upgrade Module: §cNot Installed\",21:\"§7§7Applies a passive upgrade with part\",22:\"§7installed.\",23:\"\",24:\"§7Apply Drill Parts to this Drill by\",25:\"§7talking to a §2Drill Mechanic§7!\",26:\"\",27:\"§7§7Fuel: §23,000§8/3k\",28:\"\",29:\"§7§8This item can be reforged!\",30:\"§7§4❣ §cRequires §5Heart of the Mountain Tier 6§c.\",31:\"§5§lEPIC DRILL\"],Name:\"§5Jasper Drill X\"},ExtraAttributes:{drill_fuel:3000,id:\"GEMSTONE_DRILL_4\"}}",
  "damage": 0,
  "lore": [
    "§8Breaking Power 9",
    "",
    "§7Damage: §c+75",
    "§7Mining Speed: §a+600",
    "§7Pristine: §a+2",
    "§7Gemstone Fortune: §a+120",
    " §8[§7⸕§8] §8[§8☘§8]",
    "",
    "§7§7Grants §d+20% §dGemstone Powder§7, and",
    "§7§6+800⸕ Mining Speed §7when mining",
    "§7§dGemstones§7.",
    "",
    "§7§7Fuel Tank: §cNot Installed",
    "§7§7Increases fuel capacity with part",
    "§7installed.",
    "",
    "§7§7Drill Engine: §cNot Installed",
    "§7§7Increases §6⸕ Mining Speed §7with part",
    "§7installed.",
    "",
    "§7§7Upgrade Module: §cNot Installed",
    "§7§7Applies a passive upgrade with part",
    "§7installed.",
    "",
    "§7Apply Drill Parts to this Drill by",
    "§7talking to a §2Drill Mechanic§7!",
    "",
    "§7§7Fuel: §23,000§8/3k",
    "",
    "§7§8This item can be reforged!",
    "§7§4❣ §cRequires §5Heart of the Mountain Tier 6§c.",
    "§5§lEPIC DRILL"
  ],
  "internalname": "GEMSTONE_DRILL_4",
  "crafttext": "Requires: HotM 6",
  "clickcommand": "viewrecipe",
  "modver": "",
  "infoType": "WIKI_URL",
  "info": [
    "https://hypixel-skyblock.fandom.com/wiki/Jasper_Drill_X",
    "https://wiki.hypixel.net/Jasper_Drill_X"
  ],
  "recipes": [
    {
      "type": "forge",
      "inputs": [
        "TREASURITE:100",
        "FLAWLESS_JASPER_GEM:1",
        "GEMSTONE_DRILL_3:1",
        "MAGMA_CORE:16"
      ],
      "count": 1,
      "overrideOutputId": "GEMSTONE_DRILL_4",
      "duration": 30
    }
  ]
}