{
  "itemid": "minecraft:leather_leggings",
  "displayname": "§5Leggings of the Rising Sun",
  "nbttag": "{Unbreakable:1b,HideFlags:254,display:{Lore:[0:\"§7Health: §a+25\",1:\"§7Defense: §a+25\",2:\"\",3:\"§6Full Set Bonus: Power of the Resistance §7(0/4)\",4:\"§7Provides a damage bonus while\",5:\"§7fighting against Dante, and reduces\",6:\"§7damage taken from Dante.\",7:\"\",8:\"§7§8This item can be reforged!\",9:\"§5§lEPIC LEGGINGS\"],color:14597141,Name:\"§5Leggings of the Rising Sun\"},ExtraAttributes:{color:\"222:188:21\",leaderVotes:0,leaderPosition:0,originTag:\"REWARD_SERAPHINE:ARMOR_OF_THE_RESISTANCE_LEGGINGS\",id:\"GENERALS_ARMOR_OF_THE_RESISTANCE_LEGGINGS\"}}",
  "damage": 0,
  "lore": [
    "§7Health: §a+25",
    "§7Defense: §a+25",
    "",
    "§6Full Set Bonus: Power of the Resistance §7(0/4)",
    "§7Provides a damage bonus while",
    "§7fighting against Dante, and reduces",
    "§7damage taken from Dante.",
    "",
    "§7§8This item can be reforged!",
    "§5§lEPIC LEGGINGS"
  ],
  "internalname": "GENERALS_ARMOR_OF_THE_RESISTANCE_LEGGINGS",
  "crafttext": "",
  "clickcommand": "",
  "modver": "",
  "infoType": "WIKI_URL",
  "info": [
    "https://hypixel-skyblock.fandom.com/wiki/Leggings_of_the_Rising_Sun",
    "https://wiki.hypixel.net/Leggings_Of_The_Rising_Sun"
  ]
}