{
	"itemid": "minecraft:double_plant",
	"displayname": "§6Staff of the Rising Sun",
	"nbttag": "{ench:[],HideFlags:254,display:{Lore:[0:\"§6Ability: Ray of Hope §e§lRIGHT CLICK\",1:\"§7Channels your energy towards the\",2:\"§7target location, exploding on\",3:\"§7impact for §c22,968 §7damage.\",4:\"§7Costs §b10% §7of your total mana\",5:\"§7to use. This is the only item\",6:\"§7that can deal damage to Dante.\",7:\"\",8:\"§6§lLEGENDARY WAND\"],Name:\"§6Staff of the Rising Sun\"},ExtraAttributes:{leaderVotes:0,leaderPosition:0,originTag:\"REWARD_SERAPHINE:HOPE_OF_THE_RESISTANCE\",id:\"GENERALS_HOPE_OF_THE_RESISTANCE\"}}",
	"damage": 0,
	"lore": [
		"§6Ability: Ray of Hope §e§lRIGHT CLICK",
		"§7Channels your energy towards the",
		"§7target location, exploding on",
		"§7impact for §c22,968 §7damage.",
		"§7Costs §b10% §7of your total mana",
		"§7to use. This is the only item",
		"§7that can deal damage to Dante.",
		"",
		"§6§lLEGENDARY WAND"
	],
	"internalname": "GENERALS_HOPE_OF_THE_RESISTANCE",
	"crafttext": "",
	"clickcommand": "",
	"modver": "2.1.1-PRE",
	"infoType": "WIKI_URL",
	"info": [
		"https://hypixel-skyblock.fandom.com/wiki/Staff_of_the_Rising_Sun",
		"https://wiki.hypixel.net/Staff_Of_The_Rising_Sun"
	]
}