{
  "itemid": "minecraft:leather_boots",
  "displayname": "§5Boots of the Rising Sun",
  "nbttag": "{Unbreakable:1b,HideFlags:254,display:{Lore:[0:\"§7Health: §a+15\",1:\"§7Defense: §a+15\",2:\"\",3:\"§6Full Set Bonus: Power of the Resistance §7(0/4)\",4:\"§7Provides a damage bonus while\",5:\"§7fighting against Dante, and reduces\",6:\"§7damage taken from Dante.\",7:\"\",8:\"§7§8This item can be reforged!\",9:\"§5§lEPIC BOOTS\"],color:10454537,Name:\"§5Boots of the Rising Sun\"},ExtraAttributes:{color:\"159:134:9\",leaderVotes:0,leaderPosition:0,originTag:\"REWARD_SERAPHINE:ARMOR_OF_THE_RESISTANCE_BOOTS\",id:\"GENERALS_ARMOR_OF_THE_RESISTANCE_BOOTS\"}}",
  "damage": 0,
  "lore": [
    "§7Health: §a+15",
    "§7Defense: §a+15",
    "",
    "§6Full Set Bonus: Power of the Resistance §7(0/4)",
    "§7Provides a damage bonus while",
    "§7fighting against Dante, and reduces",
    "§7damage taken from Dante.",
    "",
    "§7§8This item can be reforged!",
    "§5§lEPIC BOOTS"
  ],
  "internalname": "GENERALS_ARMOR_OF_THE_RESISTANCE_BOOTS",
  "crafttext": "",
  "clickcommand": "",
  "modver": "",
  "infoType": "WIKI_URL",
  "info": [
    "https://hypixel-skyblock.fandom.com/wiki/Boots_of_the_Rising_Sun",
    "https://wiki.hypixel.net/Boots_Of_The_Rising_Sun"
  ]
}