{
  "itemid": "minecraft:skull",
  "displayname": "§9Geo (NPC)",
  "nbttag": "{SkullOwner:{Id:\"79820c43-3814-29bf-b654-3d17d2eccfd0\",Properties:{textures:[0:{Value:\"eyJ0ZXh0dXJlcyI6eyJTS0lOIjp7InVybCI6Imh0dHBzOi8vdGV4dHVyZXMubWluZWNyYWZ0Lm5ldC90ZXh0dXJlLzRmYzkzZWViMjU4YjQ3Y2I3Y2I0OTliNjgxZTNkNjYwMzVhNDQzYzA3NjI4NGZmM2ZmNTBiMTk2YTQ2NmE1OGMifX19\"}]},Name:\"79820c43-3814-29bf-b654-3d17d2eccfd0\"},display:{Lore:[0:\"\"],Name:\"§9Geo (NPC)\"},ExtraAttributes:{id:\"GEO_NPC\"}}",
  "damage": 3,
  "lore": [
    ""
  ],
  "internalname": "GEO_NPC",
  "clickcommand": "",
  "modver": "2.1.1-PRE",
  "x": 88,
  "y": 200,
  "z": -115,
  "island": "mining_3",
  "infoType": "WIKI_URL",
  "info": [
    "https://hypixel-skyblock.fandom.com/wiki/Geo",
    "https://wiki.hypixel.net/Geo"
  ]
}