{
  "itemid": "minecraft:skull",
  "displayname": "§9Geonathan Greatforge (NPC)",
  "nbttag": "{SkullOwner:{Id:\"2433a959-7e11-23a8-8727-37ab19821143\",Properties:{textures:[0:{Value:\"eyJ0ZXh0dXJlcyI6eyJTS0lOIjp7InVybCI6Imh0dHBzOi8vdGV4dHVyZXMubWluZWNyYWZ0Lm5ldC90ZXh0dXJlLzIxM2NmMGNhNzlhMzYxMWI4ZTA1ZmU5ZTI2NGZiMmJmOGQyN2U0NjRkYzEyZGM2ZTk1ZGQwYWUwYzMzNWE1NjEifX19\"}]},Name:\"2433a959-7e11-23a8-8727-37ab19821143\"},display:{Lore:[0:\"\"],Name:\"§9Geonathan Greatforge (NPC)\"},ExtraAttributes:{id:\"GEONATHAN_GREATFORGE_NPC\"}}",
  "damage": 3,
  "lore": [
    ""
  ],
  "internalname": "GEONATHAN_GREATFORGE_NPC",
  "clickcommand": "",
  "modver": "2.1.1-PRE",
  "x": 531,
  "y": 107,
  "z": 557,
  "island": "crystal_hollows",
  "infoType": "WIKI_URL",
  "info": [
    "https://hypixel-skyblock.fandom.com/wiki/Geonathan_Greatforge",
    "https://wiki.hypixel.net/Geonathan_Greatforge"
  ]
}