{
  "itemid": "minecraft:skull",
  "displayname": "§9George (NPC)",
  "nbttag": "{SkullOwner:{Id:\"d903f937-2a77-2ca3-920a-3f80dbe698b5\",Properties:{textures:[0:{Value:\"eyJ0ZXh0dXJlcyI6eyJTS0lOIjp7InVybCI6Imh0dHBzOi8vdGV4dHVyZXMubWluZWNyYWZ0Lm5ldC90ZXh0dXJlLzk5YmIxMzczNzk3OWY5OGJhMjM2ZTM3YWU0OGZkNWRkZGVkYmE3MTllYzYyMDY4ZThhYzk2MmFiZjdlMDdkODMifX19\"}]},Name:\"d903f937-2a77-2ca3-920a-3f80dbe698b5\"},display:{Lore:[0:\"\"],Name:\"§9George (NPC)\"},ExtraAttributes:{id:\"GEORGE_NPC\"}}",
  "damage": 3,
  "lore": [
    ""
  ],
  "internalname": "GEORGE_NPC",
  "clickcommand": "",
  "modver": "2.1.1-PRE",
  "x": 40,
  "y": 72,
  "z": -100,
  "island": "hub",
  "infoType": "WIKI_URL",
  "info": [
    "https://hypixel-skyblock.fandom.com/wiki/George",
    "https://wiki.hypixel.net/George"
  ]
}