{
  "itemid": "minecraft:skull",
  "displayname": "§9Gerald (NPC)",
  "nbttag": "{SkullOwner:{Id:\"35e70db2-6906-205d-896a-eecdebeb4627\",Properties:{textures:[0:{Value:\"eyJ0ZXh0dXJlcyI6eyJTS0lOIjp7InVybCI6Imh0dHBzOi8vdGV4dHVyZXMubWluZWNyYWZ0Lm5ldC90ZXh0dXJlL2E2NzVmMDcxZWZiMGNmMjdiZjE2MDgxZTNmODJmOWI1ZjhhZTg4ZWNhOWVlOTUyM2I2MjE2ZTYxN2Y2ZjQ1YzkifX19\"}]},Name:\"35e70db2-6906-205d-896a-eecdebeb4627\"},display:{Lore:[0:\"\"],Name:\"§9Gerald (NPC)\"},ExtraAttributes:{id:\"GERALD_NPC\"}}",
  "damage": 3,
  "lore": [
    ""
  ],
  "internalname": "GERALD_NPC",
  "clickcommand": "",
  "modver": "",
  "x": 154,
  "y": 70,
  "z": 56,
  "island": "hub"
}