{
  "itemid": "minecraft:skull",
  "displayname": "§aGhast (Monster)",
  "nbttag": "{HideFlags:254,SkullOwner:{Id:\"69725d7d-1933-3dea-87bd-a3052482ab2c\",Properties:{textures:[0:{Value:\"eyJ0ZXh0dXJlcyI6eyJTS0lOIjp7InVybCI6Imh0dHA6Ly90ZXh0dXJlcy5taW5lY3JhZnQubmV0L3RleHR1cmUvZGU4YTM4ZTlhZmJkM2RhMTBkMTliNTc3YzU1YzdiZmQ2YjRmMmU0MDdlNDRkNDAxN2IyM2JlOTE2N2FiZmYwMiJ9fX0\"}]}},display:{Lore:[0:\"§7Ghasts are mobs found in the northern end of\",1:\"§7the Blazing Fortress at nighttime (8:30 PM - 5:00\",2:\"§7AM skyblock time) in the sky within the zone where\",3:\"§7level 9 Magma Cubes spawn, or the Magma Cube Boss.\",4:\"§7It can also be spawned from Ghast Minions.\",5:\"\",6:\"§c❤ Health§8: §c330\"],Name:\"§aGhast (Monster)\"},ExtraAttributes:{id:\"GHAST_MONSTER\"}}",
  "damage": 3,
  "lore": [
    "§7Ghasts are mobs found in the northern end of",
    "§7the Blazing Fortress at nighttime (8:30 PM - 5:00",
    "§7AM skyblock time) in the sky within the zone where",
    "§7level 9 Magma Cubes spawn, or the Magma Cube Boss.",
    "§7It can also be spawned from Ghast Minions.",
    "",
    "§c❤ Health§8: §c330"
  ],
  "internalname": "GHAST_MONSTER",
  "clickcommand": "viewrecipe",
  "modver": "2.1.0-REL",
  "infoType": "WIKI_URL",
  "info": [
    "https://hypixel-skyblock.fandom.com/wiki/Ghast",
    "https://wiki.hypixel.net/Ghast"
  ],
  "crafttext": "",
  "recipes": [
    {
      "level": 85,
      "coins": 400,
      "xp": 500,
      "combat_xp": 400,
      "name": "§fGhast",
      "type": "drops",
      "render": "Ghast",
      "panorama": "crimson_isle",
      "extra": [],
      "drops": [
        {
          "id": "GHAST_TEAR:1",
          "extra": ["x1-2"],
          "chance": "100%"
        },
        {
          "id": "TENTACLE_MEAT:1",
          "extra": [],
          "chance": "10%"
        },
        {
          "id": "DYE_CYCLAMEN",
          "chance": "0.00004%"
        }
      ]
    },
    {
      "level": 90,
      "coins": 400,
      "xp": 500,
      "combat_xp": 400,
      "name": "§fDive Ghast",
      "type": "drops",
      "render": "Ghast",
      "panorama": "crimson_isle",
      "extra": [],
      "drops": [
        {
          "id": "GHAST_TEAR:2",
          "extra": [],
          "chance": "100%"
        },
        {
          "id": "TENTACLE_MEAT:1",
          "extra": [],
          "chance": "10%"
        },
        {
          "id": "DYE_CYCLAMEN",
          "chance": "0.00004%"
        }
      ]
    }
  ]
}