{
  "itemid": "minecraft:skull",
  "displayname": "§fGhast Head",
  "nbttag": "{HideFlags:254,SkullOwner:{Id:\"c0ec2e42-100c-3242-b950-2f2844f5501e\",Properties:{textures:[0:{Value:\"eyJ0ZXh0dXJlcyI6eyJTS0lOIjp7InVybCI6Imh0dHA6Ly90ZXh0dXJlcy5taW5lY3JhZnQubmV0L3RleHR1cmUvN2E4YjcxNGQzMmQ3ZjZjZjhiMzdlMjIxYjc1OGI5YzU5OWZmNzY2NjdjN2NkNDViYmM0OWM1ZWYxOTg1ODY0NiJ9fX0=\"}]}},display:{Lore:[0:\"§7Health: §a+100\",1:\"\",2:\"§7Restores §a1%§7 of your maximum\",3:\"§7§c❤ Health §7every second while\",4:\"§7worn\",5:\"\",6:\"§7§8This item can be reforged!\",7:\"§f§lCOMMON HELMET\"],Name:\"§fGhast Head\"},ExtraAttributes:{id:\"GHAST_HEAD\"}}",
  "damage": 3,
  "lore": [
    "§7Health: §a+100",
    "",
    "§7Restores §a1%§7 of your maximum",
    "§7§c❤ Health §7every second while",
    "§7worn",
    "",
    "§7§8This item can be reforged!",
    "§f§lCOMMON HELMET"
  ],
  "recipe": {
    "A1": "GHAST_TEAR:1",
    "A2": "GHAST_TEAR:1",
    "A3": "GHAST_TEAR:1",
    "B1": "GHAST_TEAR:1",
    "B2": "",
    "B3": "GHAST_TEAR:1",
    "C1": "GHAST_TEAR:1",
    "C2": "GHAST_TEAR:1",
    "C3": "GHAST_TEAR:1"
  },
  "internalname": "GHAST_HEAD",
  "clickcommand": "viewrecipe",
  "modver": "2.1.0-REL",
  "infoType": "WIKI_URL",
  "info": [
    "https://hypixel-skyblock.fandom.com/wiki/Ghast_Head",
    "https://wiki.hypixel.net/Ghast_Head"
  ],
  "crafttext": "Requires: Ghast Tear II"
}