{
  "itemid": "minecraft:skull",
  "displayname": "§f§f§7[Lvl {LVL}] §6Ghoul",
  "nbttag": "{overrideMeta:1b,HideFlags:254,SkullOwner:{Id:\"546819c1-9b46-31dc-a5be-d501bb3763f6\",Properties:{textures:[0:{Value:\"eyJ0ZXh0dXJlcyI6eyJTS0lOIjp7InVybCI6Imh0dHA6Ly90ZXh0dXJlcy5taW5lY3JhZnQubmV0L3RleHR1cmUvODc5MzQ1NjViZjUyMmY2ZjQ3MjZjZGZlMTI3MTM3YmUxMWQzN2MzMTBkYjM0ZDhjNzAyNTMzOTJiNWZmNWIifX19\"}]}},display:{Lore:[0:\"§8Combat Pet\",1:\"\",2:\"§7Health: §a{HEALTH}\",3:\"§7Intelligence: §a{INTELLIGENCE}\",4:\"§7Ferocity: §a{FEROCITY}\",5:\"§7Vitality: §a{VITALITY}\",6:\"§7Mending: §a{MENDING}\",7:\"\",8:\"§6Undead Slayer\",9:\"§7§7Gain §b{0}x §7Combat XP §7against\",10:\"§7§aZombies§7.\",11:\"\",12:\"§6Army of the Dead\",13:\"§7§7Increases the amount of souls you\",14:\"§7can store by §a2 §7and the chance of\",15:\"§7getting a mob\u0027s soul by §a{1}%§7.\",16:\"\",17:\"§6Reaper Soul\",18:\"§7§7Reduces the summoning cost of mobs\",19:\"§7by §a{2}% §7and increases their damage\",20:\"§7output by §a{3}%§7. Increases the health\",21:\"§7of all summoned mobs by §a{4}%§7.\",22:\"\",23:\"§7§eRight-click to add this pet to your\",24:\"§epet menu!\",25:\"\",26:\"§6§lLEGENDARY\"],Name:\"§f§f§7[Lvl {LVL}] §6Ghoul\"},ExtraAttributes:{petInfo:\"{\\\"type\\\":\\\"GHOUL\\\",\\\"active\\\":false,\\\"exp\\\":0,\\\"tier\\\":\\\"LEGENDARY\\\",\\\"hideInfo\\\":false,\\\"candyUsed\\\":0}\",id:\"GHOUL;4\"},AttributeModifiers:[]}",
  "damage": 3,
  "lore": [
    "§8Combat Pet",
    "",
    "§7Health: §a{HEALTH}",
    "§7Intelligence: §a{INTELLIGENCE}",
    "§7Ferocity: §a{FEROCITY}",
    "§7Vitality: §a{VITALITY}",
    "§7Mending: §a{MENDING}",
    "",
    "§6Undead Slayer",
    "§7§7Gain §b{0}x §7Combat XP §7against",
    "§7§aZombies§7.",
    "",
    "§6Army of the Dead",
    "§7§7Increases the amount of souls you",
    "§7can store by §a2 §7and the chance of",
    "§7getting a mob\u0027s soul by §a{1}%§7.",
    "",
    "§6Reaper Soul",
    "§7§7Reduces the summoning cost of mobs",
    "§7by §a{2}% §7and increases their damage",
    "§7output by §a{3}%§7. Increases the health",
    "§7of all summoned mobs by §a{4}%§7.",
    "",
    "§7§eRight-click to add this pet to your",
    "§epet menu!",
    "",
    "§6§lLEGENDARY"
  ],
  "internalname": "GHOUL;4",
  "clickcommand": "",
  "modver": "2.1.1-PRE",
  "infoType": "WIKI_URL",
  "info": [
    "https://hypixel-skyblock.fandom.com/wiki/Ghoul_Pet",
    "https://wiki.hypixel.net/Ghoul_Pet"
  ],
  "crafttext": "",
  "recipes": [
    {
      "type": "katgrade",
      "coins": 5000000,
      "time": 864000,
      "input": "GHOUL;3",
      "output": "GHOUL;4",
      "items": [
        "REVENANT_FLESH:512"
      ]
    }
  ]
}