{
  "itemid": "minecraft:golden_sword",
  "displayname": "§5Giant Cleaver",
  "nbttag": "{Unbreakable:1b,HideFlags:254,display:{Lore:[0:\"§7Gear Score: §d501\",1:\"§7Damage: §c+235\",2:\"§7Strength: §c+120\",3:\"§7Crit Damage: §c+120%\",4:\"\",5:\"§6Ability: Cleave \",6:\"§7When hitting an entity, monsters in a\",7:\"§7§a5§7 block range will be hit for a\",8:\"§7portion of that damage too.\",9:\"\",10:\"§7§8This item can be reforged!\",11:\"§7§4❣ §cRequires §aThe Catacombs Floor\",12:\"§aVI Completion§c.\",13:\"§5§lEPIC DUNGEON SWORD\"],Name:\"§5Giant Cleaver\"},ExtraAttributes:{id:\"GIANT_CLEAVER\"}}",
  "damage": 0,
  "lore": [
    "§7Gear Score: §d501",
    "§7Damage: §c+235",
    "§7Strength: §c+120",
    "§7Crit Damage: §c+120%",
    "",
    "§6Ability: Cleave ",
    "§7When hitting an entity, monsters in a",
    "§7§a5§7 block range will be hit for a",
    "§7portion of that damage too.",
    "",
    "§7§8This item can be reforged!",
    "§7§4❣ §cRequires §aThe Catacombs Floor",
    "§aVI Completion§c.",
    "§5§lEPIC DUNGEON SWORD"
  ],
  "internalname": "GIANT_CLEAVER",
  "crafttext": "",
  "clickcommand": "",
  "modver": "2.1.1-PRE",
  "infoType": "WIKI_URL",
  "info": [
    "https://hypixel-skyblock.fandom.com/wiki/Giant_Cleaver",
    "https://wiki.hypixel.net/Giant_Cleaver"
  ]
}