{
  "itemid": "minecraft:fishing_rod",
  "displayname": "§6Giant Fishing Rod",
  "nbttag": "{Unbreakable:1b,HideFlags:254,display:{Lore:[0:\"§7Damage: §c+20\",1:\"§7Strength: §c+10\",2:\"§7Double Hook Chance: §a+20%\",3:\"§7Fishing Speed: §a+20\",4:\"\",5:\"§7Purchased by: §c[§fYOUTUBE§c] Nullzee§f\",6:\"§7Purchased for: §6§k666,666,666 §6 coins\",7:\"\",8:\"§8Auction #§k1\",9:\"§8Bid #§k1\",10:\"§8July 2022\",11:\"\",12:\"§9ථ Hook §8§lNONE\",13:\"§9ꨃ Line §8§lNONE\",14:\"§9࿉ Sinker §8§lNONE\",15:\"\",16:\"§7Talk to §2Roddy §7in the §2Backwater\",17:\"§2Bayou §7to apply parts to this rod.\",18:\"\",19:\"§7§8This item can be reforged!\",20:\"§6§lLEGENDARY FISHING ROD\"],Name:\"§6Giant Fishing Rod\"},ExtraAttributes:{date:1658888352113L,edition:134,id:\"GIANT_FISHING_ROD\",recipient_name:\"§b[MVP§c+§b] 3o23§f\",player:\"§b[MVP§c+§b] 3o23§f\"}}",
  "damage": 0,
  "lore": [
    "§7Damage: §c+20",
    "§7Strength: §c+10",
    "§7Double Hook Chance: §a+20%",
    "§7Fishing Speed: §a+20",
    "",
    "§7Purchased by: §c[§fYOUTUBE§c] Nullzee§f",
    "§7Purchased for: §6§k666,666,666 §6 coins",
    "",
    "§8Auction #§k1",
    "§8Bid #§k1",
    "§8July 2022",
    "",
    "§9ථ Hook §8§lNONE",
    "§9ꨃ Line §8§lNONE",
    "§9࿉ Sinker §8§lNONE",
    "",
    "§7Talk to §2Roddy §7in the §2Backwater",
    "§2Bayou §7to apply parts to this rod.",
    "",
    "§7§8This item can be reforged!",
    "§6§lLEGENDARY FISHING ROD"
  ],
  "internalname": "GIANT_FISHING_ROD",
  "crafttext": "",
  "clickcommand": "",
  "modver": "",
  "infoType": "WIKI_URL",
  "info": [
    "https://hypixel-skyblock.fandom.com/wiki/Giant_Fishing_Rod",
    "https://wiki.hypixel.net/Giant_Fishing_Rod"
  ]
}