{
  "itemid": "minecraft:iron_sword",
  "displayname": "§6Giant\u0027s Sword",
  "nbttag": "{Unbreakable:1b,HideFlags:254,display:{Lore:[0:\"§7Gear Score: §d600 \",1:\"§7Damage: §c+500 \",2:\"§7Swing Range: §a+1\",3:\" §8[§8❁§8] §8[§8❁§8]\",4:\"\",5:\"§6Ability: Giant\u0027s Slam  §e§lRIGHT CLICK\",6:\"§7Slam your sword into the ground\",7:\"§7dealing §c576,655.8 §7damage to\",8:\"§7nearby enemies.\",9:\"§8Mana Cost: §3100\",10:\"§8Cooldown: §a30s\",11:\"\",12:\"§7§8This item can be reforged!\",13:\"§7§4❣ §cRequires §aThe Catacombs Floor\",14:\"§aVI Completion§c.\",15:\"§6§lLEGENDARY DUNGEON LONGSWORD\"],Name:\"§6Giant\u0027s Sword\"},ExtraAttributes:{dungeon_item_level:0,id:\"GIANTS_SWORD\"}}",
  "damage": 0,
  "lore": [
    "§7Gear Score: §d600 ",
    "§7Damage: §c+500 ",
    "§7Swing Range: §a+1",
    " §8[§8❁§8] §8[§8❁§8]",
    "",
    "§6Ability: Giant\u0027s Slam  §e§lRIGHT CLICK",
    "§7Slam your sword into the ground",
    "§7dealing §c576,655.8 §7damage to",
    "§7nearby enemies.",
    "§8Mana Cost: §3100",
    "§8Cooldown: §a30s",
    "",
    "§7§8This item can be reforged!",
    "§7§4❣ §cRequires §aThe Catacombs Floor",
    "§aVI Completion§c.",
    "§6§lLEGENDARY DUNGEON LONGSWORD"
  ],
  "internalname": "GIANTS_SWORD",
  "crafttext": "",
  "clickcommand": "",
  "modver": "2.1.1-PRE",
  "infoType": "WIKI_URL",
  "info": [
    "https://hypixel-skyblock.fandom.com/wiki/Giant%27s_Sword",
    "https://wiki.hypixel.net/Giant%27s_Sword"
  ]
}