{
  "itemid": "minecraft:lead",
  "displayname": "§5Bigfoot\u0027s Lasso",
  "nbttag": "{ench:[],HideFlags:254,display:{Lore:[0:\"§8Precursor Relic\",1:\"\",2:\"§7Hard to throw, even harder to\",3:\"§7catch.\",4:\"\",5:\"§eRight-click to view recipes!\",6:\"\",7:\"§5§lEPIC DUNGEON ITEM\"],Name:\"§5Bigfoot\u0027s Lasso\"},ExtraAttributes:{id:\"GIANT_FRAGMENT_BIGFOOT\"}}",
  "damage": 0,
  "lore": [
    "§8Precursor Relic",
    "",
    "§7Hard to throw, even harder to",
    "§7catch.",
    "",
    "§eRight-click to view recipes!",
    "",
    "§5§lEPIC DUNGEON ITEM"
  ],
  "internalname": "GIANT_FRAGMENT_BIGFOOT",
  "crafttext": "",
  "clickcommand": "",
  "modver": "2.1.0-REL",
  "infoType": "WIKI_URL",
  "info": [
    "https://hypixel-skyblock.fandom.com/wiki/Bigfoot%27s_Lasso",
    "https://wiki.hypixel.net/Bigfoot%27s_Lasso"
  ]
}