{
  "itemid": "minecraft:enchanted_book",
  "displayname": "§fEnchanted Book",
  "nbttag": "{ench:[],HideFlags:254,display:{Lore:[0:\"§9Giant Killer IV\",1:\"§7Increases damage dealt by §a0.4%\",2:\"§a§7for each percent of extra\",3:\"§7health that your target has\",4:\"§7above you up to §a20%§7.\",5:\"\",6:\"§7Use this on an item in an Anvil\",7:\"§7to apply it!\",8:\"\",9:\"§6Source:\",10:\"§aI-V: §7Enchantment Table,\",11:\"§7Ghast Tear Collection\",12:\"\",13:\"§6Applied To:\",14:\"§7- §fSword\",15:\"§7- §fFishing Weapon\",16:\"§7- §fLongsword\",17:\"§7- §fGauntlet\",18:\"\",19:\"§6Conflicts:\",20:\"§7- §cTitan Killer\",21:\"\",22:\"§f§lCOMMON\"],Name:\"§fEnchanted Book\"},ExtraAttributes:{id:\"GIANT_KILLER;4\",enchantments:{giant_killer:4}}}",
  "damage": 0,
  "lore": [
    "§9Giant Killer IV",
    "§7Increases damage dealt by §a0.4%",
    "§a§7for each percent of extra",
    "§7health that your target has",
    "§7above you up to §a20%§7.",
    "",
    "§7Use this on an item in an Anvil",
    "§7to apply it!",
    "",
    "§6Source:",
    "§aI-V: §7Enchantment Table,",
    "§7Ghast Tear Collection",
    "",
    "§6Applied To:",
    "§7- §fSword",
    "§7- §fFishing Weapon",
    "§7- §fLongsword",
    "§7- §fGauntlet",
    "",
    "§6Conflicts:",
    "§7- §cTitan Killer",
    "",
    "§f§lCOMMON"
  ],
  "internalname": "GIANT_KILLER;4",
  "clickcommand": "viewrecipe",
  "modver": "2.1.0-REL",
  "crafttext": "",
  "infoType": ""
}