{
  "itemid": "minecraft:ender_eye",
  "displayname": "§5L.A.S.R.\u0027s Eye",
  "nbttag": "{HideFlags:254,display:{Lore:[0:\"§8Precursor Relic\",1:\"\",2:\"§7The eye is mightier than the sword.\",3:\"\",4:\"§eRight-click to view recipes!\",5:\"\",6:\"§5§lEPIC DUNGEON ITEM\"],Name:\"§5L.A.S.R.\u0027s Eye\"},ExtraAttributes:{id:\"GIANT_FRAGMENT_LASER\"}}",
  "damage": 0,
  "lore": [
    "§8Precursor Relic",
    "",
    "§7The eye is mightier than the sword.",
    "",
    "§eRight-click to view recipes!",
    "",
    "§5§lEPIC DUNGEON ITEM"
  ],
  "internalname": "GIANT_FRAGMENT_LASER",
  "crafttext": "",
  "clickcommand": "",
  "modver": "2.1.1-PRE",
  "infoType": "WIKI_URL",
  "info": [
    "https://hypixel-skyblock.fandom.com/wiki/L.A.S.R.%27s_Eye",
    "https://wiki.hypixel.net/L.A.S.R.%27s_Eye"
  ]
}