{
  "itemid": "minecraft:skull",
  "displayname": "§5Giant Tooth",
  "nbttag": "{HideFlags:254,SkullOwner:{Id:\"61e2a290-8404-3060-8199-a779367d804d\",Properties:{textures:[0:{Value:\"eyJ0ZXh0dXJlcyI6eyJTS0lOIjp7InVybCI6Imh0dHA6Ly90ZXh0dXJlcy5taW5lY3JhZnQubmV0L3RleHR1cmUvZjBjODQzMjBmNGIwZmNkODM5MWI4YTIwZjUzYmQ0MTYxMmNhNmE1MGU3NTgzMDk1MjU5NzFmNzdhY2UyZCJ9fX0\"}]}},display:{Lore:[0:\"§8Reforge Stone\",1:\"§7§8Combinable in Reforge Anvil\",2:\"\",3:\"§7Applies the §9Giant §7reforge when\",4:\"§7combined with armor§7.\",5:\"\",6:\"§7§8§oSuper clean, great hygiene.\",7:\"\",8:\"§9Giant §7(§6Legendary§7):\",9:\"§7Health: §a+180\",10:\"\",11:\"§7Requires §aMining Skill Level XXV§7!\",12:\"\",13:\"§5§lEPIC REFORGE STONE\"],Name:\"§5Giant Tooth\"},ExtraAttributes:{id:\"GIANT_TOOTH\"}}",
  "damage": 3,
  "lore": [
    "§8Reforge Stone",
    "§7§8Combinable in Reforge Anvil",
    "",
    "§7Applies the §9Giant §7reforge when",
    "§7combined with armor§7.",
    "",
    "§7§8§oSuper clean, great hygiene.",
    "",
    "§9Giant §7(§6Legendary§7):",
    "§7Health: §a+180",
    "",
    "§7Requires §aMining Skill Level XXV§7!",
    "",
    "§5§lEPIC REFORGE STONE"
  ],
  "internalname": "GIANT_TOOTH",
  "crafttext": "",
  "clickcommand": "",
  "modver": "",
  "infoType": "WIKI_URL",
  "info": [
    "https://hypixel-skyblock.fandom.com/wiki/Giant_Tooth",
    "https://wiki.hypixel.net/Giant_Tooth"
  ]
}