{
  "internalname": "GIFT_THE_FISH",
  "itemid": "minecraft:fish",
  "displayname": "§cGift the Fish",
  "clickcommand": "",
  "damage": 3,
  "nbttag": "{ench:[],HideFlags:254,display:{Lore:[0:\"§7I'm empty inside\",1:\"\",2:\"§c§lSPECIAL\"],Name:\"§cGift the Fish\"},ExtraAttributes:{id:\"GIFT_THE_FISH\"}}",
  "modver": "2.1.0-REL",
  "lore": [
    "§7I'm empty inside",
    "",
    "§c§lSPECIAL"
  ],
  "infoType": "WIKI_URL",
  "info": [
    "https://hypixel-skyblock.fandom.com/wiki/Gift_the_Fish",
    "https://wiki.hypixel.net/Gift_The_Fish"
  ]
}