{
  "itemid": "minecraft:skull",
  "displayname": "§9Gift of Learning",
  "nbttag": "{HideFlags:254,SkullOwner:{Id:\"a68b0262-2d46-3a9f-9dfa-9d6791869a6d\",Properties:{textures:[0:{Value:\"eyJ0ZXh0dXJlcyI6eyJTS0lOIjp7InVybCI6Imh0dHA6Ly90ZXh0dXJlcy5taW5lY3JhZnQubmV0L3RleHR1cmUvMmU5YjMzNWMwYjEzMWFhNGNlZjc4MjAzZDhmNWJhNTJkMjZmNTg0NTJjY2IxNTU3OThhY2Q0YmRjNzQ1MTczIn19fQ\u003d\u003d\"}]}},display:{Lore:[0:\"§7Allows you to grant §310,000 Exp\",1:\"§3§7in a §3Skill §7of your\",2:\"§7choosing!\",3:\"\",4:\"§eClick to open!\",5:\"\",6:\"§8§l* §8Soulbound §8§l*\",7:\"§9§lRARE\"],Name:\"§9Gift of Learning\"},ExtraAttributes:{yearObtained:2023,id:\"GIFT_OF_LEARNING\"}}",
  "damage": 3,
  "lore": [
    "§7Allows you to grant §310,000 Exp",
    "§3§7in a §3Skill §7of your",
    "§7choosing!",
    "",
    "§eClick to open!",
    "",
    "§8§l* §8Soulbound §8§l*",
    "§9§lRARE"
  ],
  "internalname": "GIFT_OF_LEARNING",
  "crafttext": "",
  "clickcommand": "",
  "modver": "2.1.1-PRE",
  "infoType": "WIKI_URL",
  "info": [
    "https://hypixel-skyblock.fandom.com/wiki/Gift_of_Learning",
    "https://wiki.hypixel.net/Gift_Of_Learning"
  ]
}