{
  "itemid": "minecraft:skull",
  "displayname": "§9Gimley (NPC)",
  "nbttag": "{HideFlags:254,SkullOwner:{Id:\"b25614e3-9ad8-2f42-ade1-e656e740d692\",Properties:{textures:[0:{Value:\"eyJ0ZXh0dXJlcyI6eyJTS0lOIjp7InVybCI6Imh0dHBzOi8vdGV4dHVyZXMubWluZWNyYWZ0Lm5ldC90ZXh0dXJlLzU3YjM1NTJjNWFmMmFiMmRjNGUxZjg0ZDc4Y2E0YzRkNjc2ZGVjMDY4MTU3MjI1YTNjMjY3NGU1NTc0ZDIzNDgifX19\"}]},Name:\"b25614e3-9ad8-2f42-ade1-e656e740d692\"},display:{Lore:[0:\"\"],Name:\"§9Gimley (NPC)\"},ExtraAttributes:{id:\"GIMLEY_NPC\"}}",
  "damage": 3,
  "lore": [
    ""
  ],
  "internalname": "GIMLEY_NPC",
  "clickcommand": "",
  "modver": "2.1.1-PRE",
  "x": 29,
  "y": 203,
  "z": -149,
  "island": "mining_3",
  "crafttext": "",
  "infoType": "WIKI_URL",
  "info": [
    "https://hypixel-skyblock.fandom.com/wiki/Gimley",
    "https://wiki.hypixel.net/Gimley"
  ]
}