{
  "itemid": "minecraft:skull",
  "displayname": "§9Gingerbread House",
  "nbttag": "{HideFlags:254,SkullOwner:{Id:\"316144e0-5b8d-3e7c-84d8-5c0231310134\",Properties:{textures:[0:{Value:\"eyJ0ZXh0dXJlcyI6eyJTS0lOIjp7InVybCI6Imh0dHA6Ly90ZXh0dXJlcy5taW5lY3JhZnQubmV0L3RleHR1cmUvNDBmNDg1NTkzNjc3YWFiMjhkYmNhNDViMTAyMmYyMWIxYmM3ODk2YmM5ZmU0NDA2YWJlNGQ2MDcwNTc4MjYifX19\"}]}},display:{Lore:[0:\"§8Furniture\",1:\"§8Holiday Cosmetic\",2:\"\",3:\"§7This exclusive §cHoliday §7cosmetic can\",4:\"§7be placed on your island or traded.\",5:\"\",6:\"§9§lRARE\"],Name:\"§9Gingerbread House\"},ExtraAttributes:{id:\"GINGERBREAD_HOUSE\"}}",
  "damage": 3,
  "lore": [
    "§8Furniture",
    "§8Holiday Cosmetic",
    "",
    "§7This exclusive §cHoliday §7cosmetic can",
    "§7be placed on your island or traded.",
    "",
    "§9§lRARE"
  ],
  "internalname": "GINGERBREAD_HOUSE",
  "crafttext": "",
  "clickcommand": "",
  "modver": "2.1.1-PRE",
  "infoType": "WIKI_URL",
  "info": [
    "https://hypixel-skyblock.fandom.com/wiki/Gingerbread_House",
    "https://wiki.hypixel.net/Gingerbread_House"
  ]
}