{
  "itemid": "minecraft:skull",
  "displayname": "§7[Lvl {LVL}] §fGiraffe",
  "nbttag": "{overrideMeta:1b,HideFlags:254,SkullOwner:{Id:\"11216f12-2843-31c8-bf8a-b8535e6c6dce\",Properties:{textures:[0:{Value:\"eyJ0ZXh0dXJlcyI6eyJTS0lOIjp7InVybCI6Imh0dHA6Ly90ZXh0dXJlcy5taW5lY3JhZnQubmV0L3RleHR1cmUvMTc2YjRlMzkwZjJlY2RiOGE3OGRjNjExNzg5Y2EwYWYxZTdlMDkyMjkzMTljM2E3YWE4MjA5YjYzYjkifX19\"}]}},display:{Lore:[0:\"§8Foraging Pet\",1:\"\",2:\"§7Health: §a{HEALTH}\",3:\"§7Crit Chance: §c{CRIT_CHANCE}%\",4:\"§7Swing Range: §a{SWING_RANGE}\",5:\"\",6:\"§6Good Heart\",7:\"§7§7Grants §c+{0}❣ Health Regen§7.\",8:\"\",9:\"§7§eRight-click to add this pet to your\",10:\"§epet menu!\",11:\"\",12:\"§f§lCOMMON\"],Name:\"§7[Lvl {LVL}] §fGiraffe\"},ExtraAttributes:{petInfo:\"{\\\"type\\\":\\\"GIRAFFE\\\",\\\"active\\\":false,\\\"exp\\\":0,\\\"tier\\\":\\\"COMMON\\\",\\\"hideInfo\\\":false,\\\"candyUsed\\\":0}\",id:\"GIRAFFE;0\"},AttributeModifiers:[]}",
  "damage": 3,
  "lore": [
    "§8Foraging Pet",
    "",
    "§7Health: §a{HEALTH}",
    "§7Crit Chance: §c{CRIT_CHANCE}%",
    "§7Swing Range: §a{SWING_RANGE}",
    "",
    "§6Good Heart",
    "§7§7Grants §c+{0}❣ Health Regen§7.",
    "",
    "§7§eRight-click to add this pet to your",
    "§epet menu!",
    "",
    "§f§lCOMMON"
  ],
  "internalname": "GIRAFFE;0",
  "crafttext": "",
  "clickcommand": "",
  "modver": "",
  "infoType": "WIKI_URL",
  "info": [
    "https://hypixel-skyblock.fandom.com/wiki/Giraffe_Pet",
    "https://wiki.hypixel.net/Giraffe_Pet"
  ]
}