{
  "itemid": "minecraft:skull",
  "displayname": "§7[Lvl {LVL}] §9Giraffe",
  "nbttag": "{overrideMeta:1b,HideFlags:254,SkullOwner:{Id:\"11216f12-2843-31c8-bf8a-b8535e6c6dce\",Properties:{textures:[0:{Value:\"eyJ0ZXh0dXJlcyI6eyJTS0lOIjp7InVybCI6Imh0dHA6Ly90ZXh0dXJlcy5taW5lY3JhZnQubmV0L3RleHR1cmUvMTc2YjRlMzkwZjJlY2RiOGE3OGRjNjExNzg5Y2EwYWYxZTdlMDkyMjkzMTljM2E3YWE4MjA5YjYzYjkifX19\"}]}},display:{Lore:[0:\"§8Foraging Pet\",1:\"\",2:\"§7Health: §a{HEALTH}\",3:\"§7Crit Chance: §c{CRIT_CHANCE}%\",4:\"§7Swing Range: §a{SWING_RANGE}\",5:\"\",6:\"§6Good Heart\",7:\"§7§7Grants §c+{0}❣ Health Regen§7.\",8:\"\",9:\"§6Higher Ground\",10:\"§7§7Increases your §9☠ Crit Damage §7and\",11:\"§7§c❁ Strength §7by §c{1}% §7for every\",12:\"§7§e0.1Ⓢ Swing Range §7over §e3Ⓢ §7(up to\",13:\"§7§e6Ⓢ§7).\",14:\"\",15:\"§7§eRight-click to add this pet to your\",16:\"§epet menu!\",17:\"\",18:\"§9§lRARE\"],Name:\"§7[Lvl {LVL}] §9Giraffe\"},ExtraAttributes:{petInfo:\"{\\\"type\\\":\\\"GIRAFFE\\\",\\\"active\\\":false,\\\"exp\\\":0,\\\"tier\\\":\\\"RARE\\\",\\\"hideInfo\\\":false,\\\"candyUsed\\\":0}\",id:\"GIRAFFE;2\"},AttributeModifiers:[]}",
  "damage": 3,
  "lore": [
    "§8Foraging Pet",
    "",
    "§7Health: §a{HEALTH}",
    "§7Crit Chance: §c{CRIT_CHANCE}%",
    "§7Swing Range: §a{SWING_RANGE}",
    "",
    "§6Good Heart",
    "§7§7Grants §c+{0}❣ Health Regen§7.",
    "",
    "§6Higher Ground",
    "§7§7Increases your §9☠ Crit Damage §7and",
    "§7§c❁ Strength §7by §c{1}% §7for every",
    "§7§e0.1Ⓢ Swing Range §7over §e3Ⓢ §7(up to",
    "§7§e6Ⓢ§7).",
    "",
    "§7§eRight-click to add this pet to your",
    "§epet menu!",
    "",
    "§9§lRARE"
  ],
  "internalname": "GIRAFFE;2",
  "crafttext": "",
  "clickcommand": "",
  "modver": "",
  "infoType": "WIKI_URL",
  "info": [
    "https://hypixel-skyblock.fandom.com/wiki/Giraffe_Pet",
    "https://wiki.hypixel.net/Giraffe_Pet"
  ],
  "recipes": [
    {
      "type": "katgrade",
      "coins": 75000,
      "time": 172800,
      "input": "GIRAFFE;1",
      "output": "GIRAFFE;2",
      "items": [
        "ENCHANTED_ACACIA_LOG:16"
      ]
    }
  ]
}