{
  "itemid": "minecraft:skull",
  "displayname": "§aGlacite Bowman (Monster)",
  "nbttag": "{HideFlags:254,SkullOwner:{Id:\"fabb5174-c76c-2117-844d-9fbb415f9406\",Properties:{textures:[0:{Value:\"eyJ0ZXh0dXJlcyI6eyJTS0lOIjp7InVybCI6Imh0dHBzOi8vdGV4dHVyZXMubWluZWNyYWZ0Lm5ldC90ZXh0dXJlLzNlMWNlZjMzMTYxZWM0MjIyNmFhODIyMGYxYjFjYzAyZThlZGU2ZGVhN2NkZDQ4NzQwMmY1NTlmM2M4ZmRhYjYifX19\"}]},Name:\"fabb5174-c76c-2117-844d-9fbb415f9406\"},display:{Lore:[0:\"§c❤ Health§8: §c750,000\",1:\"§c❁ Damage§8: §c6,250\",2:\"§a❈ Defense§8: §a1,000\"],Name:\"§aGlacite Bowman (Monster)\"},ExtraAttributes:{id:\"GLACITE_BOWMAN_MONSTER\"}}",
  "damage": 3,
  "lore": [
    "§c❤ Health§8: §c750,000",
    "§c❁ Damage§8: §c6,250",
    "§a❈ Defense§8: §a1,000"
  ],
  "internalname": "GLACITE_BOWMAN_MONSTER",
  "clickcommand": "",
  "modver": "",
  "island": "mineshaft",
  "recipes": [
    {
      "level": 165,
      "coins": 95,
      "xp": 75,
      "combat_xp": 60,
      "name": "§bGlacite Bowman",
      "render": "@neurepo:mobs/glacite_bowman.json",
      "panorama": "mineshaft",
      "type": "drops",
      "drops": [
        {
          "id": "SKYBLOCK_POWDER_GLACITE:50",
          "extra": [],
          "chance": "100%"
        },
        {
          "id": "GLACITE:1",
          "extra": [],
          "chance": "100%"
        },
        {
          "id": "FINE_CITRINE_GEM:1",
          "extra": [],
          "chance": "5%"
        },
        {
          "id": "FINE_AQUAMARINE_GEM:1",
          "extra": [],
          "chance": "5%"
        },
        {
          "id": "FINE_ONYX_GEM:1",
          "extra": [],
          "chance": "5%"
        },
        {
          "id": "FINE_PERIDOT_GEM:1",
          "extra": [],
          "chance": "5%"
        },
        {
          "id": "GLACITE_JEWEL:1",
          "extra": [],
          "chance": "4%"
        },
        {
          "id": "GLACITE_SHARD:1",
          "extra": [],
          "chance": "0.5%"
        }
      ]
    }
  ],
  "crafttext": "",
  "infoType": "WIKI_URL",
  "info": [
    "https://hypixel-skyblock.fandom.com/wiki/Glacite_Bowman",
    "https://wiki.hypixel.net/Glacite_Bowman"
  ]
}