{
  "itemid": "minecraft:skull",
  "displayname": "§9Glacial Artifact",
  "nbttag": "{HideFlags:254,SkullOwner:{Id:\"edf88c7d-3b68-3279-b27d-5f4f6c65411b\",Properties:{textures:[0:{Value:\"eyJ0ZXh0dXJlcyI6eyJTS0lOIjp7InVybCI6Imh0dHA6Ly90ZXh0dXJlcy5taW5lY3JhZnQubmV0L3RleHR1cmUvOTJjMWE2YjI5NGFlZDQ5ZGJmMTFjNTg5NTIwODg2YjlmNWQ1M2IzMmE4OTU1YWRjZDU3ZTJkZTNiNjI5YTMxIn19fQ\u003d\u003d\"}]}},display:{Lore:[0:\"§7Grants §3+15☯ Mining Wisdom §7on\",1:\"§7§cJerry\u0027s Workshop§7.\",2:\"\",3:\"§9§lRARE ACCESSORY\"],Name:\"§9Glacial Artifact\"},ExtraAttributes:{id:\"GLACIAL_ARTIFACT\"}}",
  "damage": 3,
  "lore": [
    "§7Grants §3+15☯ Mining Wisdom §7on",
    "§7§cJerry\u0027s Workshop§7.",
    "",
    "§9§lRARE ACCESSORY"
  ],
  "recipe": {
    "A1": "GLACIAL_FRAGMENT:10",
    "A2": "ENCHANTED_PACKED_ICE:2",
    "A3": "GLACIAL_FRAGMENT:10",
    "B1": "ENCHANTED_PACKED_ICE:2",
    "B2": "GLACIAL_RING:1",
    "B3": "ENCHANTED_PACKED_ICE:2",
    "C1": "GLACIAL_FRAGMENT:10",
    "C2": "ENCHANTED_PACKED_ICE:2",
    "C3": "GLACIAL_FRAGMENT:10"
  },
  "internalname": "GLACIAL_ARTIFACT",
  "crafttext": "Requires: Ice VIII",
  "clickcommand": "viewrecipe",
  "modver": "2.1.0-REL",
  "infoType": "WIKI_URL",
  "info": [
    "https://hypixel-skyblock.fandom.com/wiki/Glacial_Artifact",
    "https://wiki.hypixel.net/Glacial_Artifact"
  ]
}