{
  "itemid": "minecraft:leather_leggings",
  "displayname": "§f§f§5Glacite Leggings",
  "nbttag": "{overrideMeta:1b,Unbreakable:1b,HideFlags:254,display:{Lore:[0:\"§7Defense: §a+125\",1:\"§7Speed: §a+15\",2:\"§7True Defense: §a+10\",3:\"§7Mining Speed: §a+10\",4:\" §8[§7⸕§8] §8[§8☘§8]\",5:\"\",6:\"§6Full Set Bonus: Expert Miner\",7:\"§7Grants §6+2⸕ Mining Speed §7for\",8:\"§7each of your mining levels.\",9:\"\",10:\"§7The Defense §7of this item is\",11:\"§7doubled while on a mining island\",12:\"\",13:\"§7§8This item can be reforged!\",14:\"§5§lEPIC LEGGINGS\"],color:261368,Name:\"§f§f§5Glacite Leggings\"},ExtraAttributes:{color:\"3:252:248\",id:\"GLACITE_LEGGINGS\"},AttributeModifiers:[]}",
  "damage": 0,
  "lore": [
    "§7Defense: §a+125",
    "§7Speed: §a+15",
    "§7True Defense: §a+10",
    "§7Mining Speed: §a+10",
    " §8[§7⸕§8] §8[§8☘§8]",
    "",
    "§6Full Set Bonus: Expert Miner",
    "§7Grants §6+2⸕ Mining Speed §7for",
    "§7each of your mining levels.",
    "",
    "§7The Defense §7of this item is",
    "§7doubled while on a mining island",
    "",
    "§7§8This item can be reforged!",
    "§5§lEPIC LEGGINGS"
  ],
  "internalname": "GLACITE_LEGGINGS",
  "crafttext": "",
  "clickcommand": "",
  "modver": "2.1.0-REL",
  "infoType": "WIKI_URL",
  "info": [
    "https://hypixel-skyblock.fandom.com/wiki/Glacite_Leggings",
    "https://wiki.hypixel.net/Glacite_Leggings"
  ]
}