{
  "itemid": "minecraft:skull",
  "displayname": "§5Glacial Fragment",
  "nbttag": "{HideFlags:254,SkullOwner:{Id:\"b9dc7de0-3490-34bb-a97e-ac01b9b9bc37\",Properties:{textures:[0:{Value:\"eyJ0ZXh0dXJlcyI6eyJTS0lOIjp7InVybCI6Imh0dHA6Ly90ZXh0dXJlcy5taW5lY3JhZnQubmV0L3RleHR1cmUvZjU2NjdiMTgzZDgyNGJlNmY4MjQ5MzE4NDcyYTcyN2M4OWYxMTQ2OTI2YzQ2OTVkZDA1ZjllYTk5ODRjZWQ0NSJ9fX0\u003d\"}]}},display:{Lore:[0:\"§7A small piece of a giant glacier.\",1:\"§7Doesn\u0027t ever melt.\",2:\"\",3:\"§eRight-click to view recipes!\",4:\"\",5:\"§5§lEPIC\"],Name:\"§5Glacial Fragment\"},ExtraAttributes:{id:\"GLACIAL_FRAGMENT\"}}",
  "damage": 3,
  "lore": [
    "§7A small piece of a giant glacier.",
    "§7Doesn\u0027t ever melt.",
    "",
    "§eRight-click to view recipes!",
    "",
    "§5§lEPIC"
  ],
  "internalname": "GLACIAL_FRAGMENT",
  "crafttext": "",
  "clickcommand": "",
  "modver": "2.1.1-PRE",
  "infoType": "WIKI_URL",
  "info": [
    "https://hypixel-skyblock.fandom.com/wiki/Glacial_Fragment",
    "https://wiki.hypixel.net/Glacial_Fragment"
  ]
}