{
  "itemid": "minecraft:packed_ice",
  "displayname": "§5Glacite Helmet",
  "nbttag": "{HideFlags:254,display:{Lore:[0:\"§7Defense: §a+70\",1:\"§7Speed: §a+10\",2:\"§7True Defense: §a+5\",3:\"§7Mining Speed: §a+10\",4:\" §8[§7⸕§8] §8[§8☘§8]\",5:\"\",6:\"§6Full Set Bonus: Expert Miner §7(0/4)\",7:\"§7Grants §6+2⸕ Mining Speed §7per Mining\",8:\"§7Skill level unlocked.\",9:\"\",10:\"§7§8This item can be reforged!\",11:\"§5§lEPIC HELMET\"],Name:\"§5Glacite Helmet\"},ExtraAttributes:{id:\"GLACITE_HELMET\"}}",
  "damage": 0,
  "lore": [
    "§7Defense: §a+70",
    "§7Speed: §a+10",
    "§7True Defense: §a+5",
    "§7Mining Speed: §a+10",
    " §8[§7⸕§8] §8[§8☘§8]",
    "",
    "§6Full Set Bonus: Expert Miner §7(0/4)",
    "§7Grants §6+2⸕ Mining Speed §7per Mining",
    "§7Skill level unlocked.",
    "",
    "§7§8This item can be reforged!",
    "§5§lEPIC HELMET"
  ],
  "internalname": "GLACITE_HELMET",
  "crafttext": "",
  "clickcommand": "",
  "modver": "",
  "infoType": "WIKI_URL",
  "info": [
    "https://hypixel-skyblock.fandom.com/wiki/Glacite_Helmet",
    "https://wiki.hypixel.net/Glacite_Helmet"
  ]
}