{
  "itemid": "minecraft:skull",
  "displayname": "§aGlacite Mutt (Monster)",
  "nbttag": "{HideFlags:254,SkullOwner:{Id:\"7e9af289-f295-3f8c-bd54-58b7667d5759\",Properties:{textures:[0:{Value:\"eyJ0ZXh0dXJlcyI6eyJTS0lOIjp7InVybCI6Imh0dHA6Ly90ZXh0dXJlcy5taW5lY3JhZnQubmV0L3RleHR1cmUvNjlkMWQzMTEzZWM0M2FjMjk2MWRkNTlmMjgxNzVmYjQ3MTg4NzNjNmM0NDhkZmNhODcyMjMxN2Q2NyJ9fX0\"}]}},display:{Lore:[0:\"§c❤ Health§8: §c750,000\",1:\"§c❁ Damage§8: §c6,000\",2:\"§a❈ Defense§8: §a1,000\"],Name:\"§aGlacite Mutt (Monster)\"},ExtraAttributes:{id:\"GLACITE_MUTT_MONSTER\"}}",
  "damage": 3,
  "lore": [
    "§c❤ Health§8: §c750,000",
    "§c❁ Damage§8: §c6,000",
    "§a❈ Defense§8: §a1,000"
  ],
  "internalname": "GLACITE_MUTT_MONSTER",
  "clickcommand": "",
  "modver": "",
  "island": "mineshaft",
  "recipes": [
    {
      "level": 180,
      "coins": 95,
      "xp": 75,
      "combat_xp": 60,
      "name": "§bGlacite Mutt",
      "render": "Wolf",
      "panorama": "mineshaft",
      "type": "drops",
      "drops": [
        {
          "id": "SKYBLOCK_POWDER_GLACITE:50",
          "extra": [],
          "chance": "100%"
        },
        {
          "id": "GLACITE:1",
          "extra": [],
          "chance": "100%"
        },
        {
          "id": "FINE_CITRINE_GEM:1",
          "extra": [],
          "chance": "5%"
        },
        {
          "id": "FINE_AQUAMARINE_GEM:1",
          "extra": [],
          "chance": "5%"
        },
        {
          "id": "FINE_ONYX_GEM:1",
          "extra": [],
          "chance": "5%"
        },
        {
          "id": "FINE_PERIDOT_GEM:1",
          "extra": [],
          "chance": "5%"
        },
        {
          "id": "GLACITE_JEWEL:1",
          "extra": [],
          "chance": "4%"
        },
        {
          "id": "GLACITE_SHARD:1",
          "extra": [],
          "chance": "0.5%"
        }
      ]
    }
  ],
  "crafttext": "",
  "infoType": "WIKI_URL",
  "info": [
    "https://hypixel-skyblock.fandom.com/wiki/Glacite_Mutt",
    "https://wiki.hypixel.net/Glacite_Mutt"
  ]
}