{
  "itemid": "minecraft:skull",
  "displayname": "§aGlacial Ring",
  "nbttag": "{HideFlags:254,SkullOwner:{Id:\"2b9b9879-58eb-340f-ae47-016829140535\",Properties:{textures:[0:{Value:\"eyJ0ZXh0dXJlcyI6eyJTS0lOIjp7InVybCI6Imh0dHA6Ly90ZXh0dXJlcy5taW5lY3JhZnQubmV0L3RleHR1cmUvOWNlMWViYzZjMzFlZmU1NjIxMTQyNzc5YTZjNjY5MjIxYTI3MWJhZTNiMzExNTE3NWJmMDNjOTc2NjkxIn19fQ\u003d\u003d\"}]}},display:{Lore:[0:\"§7Grants §3+10☯ Mining Wisdom §7on\",1:\"§7§cJerry\u0027s Workshop§7.\",2:\"\",3:\"§a§lUNCOMMON ACCESSORY\"],Name:\"§aGlacial Ring\"},ExtraAttributes:{id:\"GLACIAL_RING\"}}",
  "damage": 3,
  "lore": [
    "§7Grants §3+10☯ Mining Wisdom §7on",
    "§7§cJerry\u0027s Workshop§7.",
    "",
    "§a§lUNCOMMON ACCESSORY"
  ],
  "recipe": {
    "A1": "GLACIAL_FRAGMENT:5",
    "A2": "ENCHANTED_ICE:32",
    "A3": "GLACIAL_FRAGMENT:5",
    "B1": "ENCHANTED_ICE:32",
    "B2": "GLACIAL_TALISMAN:1",
    "B3": "ENCHANTED_ICE:32",
    "C1": "GLACIAL_FRAGMENT:5",
    "C2": "ENCHANTED_ICE:32",
    "C3": "GLACIAL_FRAGMENT:5"
  },
  "internalname": "GLACIAL_RING",
  "crafttext": "Requires: Ice VI",
  "clickcommand": "viewrecipe",
  "modver": "2.1.0-REL",
  "infoType": "WIKI_URL",
  "info": [
    "https://hypixel-skyblock.fandom.com/wiki/Glacial_Ring",
    "https://wiki.hypixel.net/Glacial_Ring"
  ]
}