{
  "itemid": "minecraft:leather_chestplate",
  "displayname": "§5Glacite Chestplate",
  "nbttag": "{Unbreakable:1b,HideFlags:254,display:{Lore:[0:\"§7Defense: §a+150\",1:\"§7Speed: §a+15\",2:\"§7True Defense: §a+10\",3:\"§7Mining Speed: §a+10\",4:\" §8[§7⸕§8] §8[§8☘§8]\",5:\"\",6:\"§6Full Set Bonus: Expert Miner §7(0/4)\",7:\"§7Grants §6+2⸕ Mining Speed §7per Mining\",8:\"§7Skill level unlocked.\",9:\"\",10:\"§7§8This item can be reforged!\",11:\"§5§lEPIC CHESTPLATE\"],color:261368,Name:\"§5Glacite Chestplate\"},ExtraAttributes:{id:\"GLACITE_CHESTPLATE\"}}",
  "damage": 0,
  "lore": [
    "§7Defense: §a+150",
    "§7Speed: §a+15",
    "§7True Defense: §a+10",
    "§7Mining Speed: §a+10",
    " §8[§7⸕§8] §8[§8☘§8]",
    "",
    "§6Full Set Bonus: Expert Miner §7(0/4)",
    "§7Grants §6+2⸕ Mining Speed §7per Mining",
    "§7Skill level unlocked.",
    "",
    "§7§8This item can be reforged!",
    "§5§lEPIC CHESTPLATE"
  ],
  "internalname": "GLACITE_CHESTPLATE",
  "crafttext": "",
  "clickcommand": "",
  "modver": "",
  "infoType": "WIKI_URL",
  "info": [
    "https://hypixel-skyblock.fandom.com/wiki/Glacite_Chestplate",
    "https://wiki.hypixel.net/Glacite_Chestplate"
  ]
}