{
  "itemid": "minecraft:skull",
  "displayname": "§fGlacial Talisman",
  "nbttag": "{HideFlags:254,SkullOwner:{Id:\"439eb2a4-fd39-3bdd-98f3-d2a55220caf1\",Properties:{textures:[0:{Value:\"eyJ0ZXh0dXJlcyI6eyJTS0lOIjp7InVybCI6Imh0dHA6Ly90ZXh0dXJlcy5taW5lY3JhZnQubmV0L3RleHR1cmUvYjIwYjYyZmFmMTJiOTFmNGE4ZTE0OWEyZjljYjVmOGQxNzQ0M2Y1MWVjNGQ3ZDU4ZjU5NjdlY2JiYjI5NTgifX19\"}]}},display:{Lore:[0:\"§7Grants §3+5☯ Mining Wisdom §7on\",1:\"§7§cJerry\u0027s Workshop§7.\",2:\"\",3:\"§f§lCOMMON ACCESSORY\"],Name:\"§fGlacial Talisman\"},ExtraAttributes:{id:\"GLACIAL_TALISMAN\"}}",
  "damage": 3,
  "lore": [
    "§7Grants §3+5☯ Mining Wisdom §7on",
    "§7§cJerry\u0027s Workshop§7.",
    "",
    "§f§lCOMMON ACCESSORY"
  ],
  "internalname": "GLACIAL_TALISMAN",
  "crafttext": "",
  "clickcommand": "",
  "modver": "2.1.0-REL",
  "infoType": "WIKI_URL",
  "info": [
    "https://hypixel-skyblock.fandom.com/wiki/Glacial_Talisman",
    "https://wiki.hypixel.net/Glacial_Talisman"
  ]
}