{
  "itemid": "minecraft:skull",
  "displayname": "§9Gladiator (NPC)",
  "nbttag": "{SkullOwner:{Id:\"9d0cff45-1c7c-2acc-b5e9-8dcca8f00cb0\",Properties:{textures:[0:{Value:\"eyJ0ZXh0dXJlcyI6eyJTS0lOIjp7InVybCI6Imh0dHBzOi8vdGV4dHVyZXMubWluZWNyYWZ0Lm5ldC90ZXh0dXJlL2Y3MWNhYWM2YmVjNjQwNjYwNDJjZjViZmJkOWRmZjJkZGRlZWFiMWM2OTU2ZjM1MWUxOGQ4MjcxNGI1NmIxMmIifX19\"}]},Name:\"9d0cff45-1c7c-2acc-b5e9-8dcca8f00cb0\"},display:{Lore:[0:\"\"],Name:\"§9Gladiator (NPC)\"},ExtraAttributes:{id:\"GLADIATOR_NPC\"}}",
  "damage": 3,
  "lore": [
    ""
  ],
  "internalname": "GLADIATOR_NPC",
  "clickcommand": "",
  "modver": "2.1.1-PRE",
  "x": 124,
  "y": 80,
  "z": 166,
  "island": "hub",
  "infoType": "WIKI_URL",
  "info": [
    "https://hypixel-skyblock.fandom.com/wiki/Gladiator",
    "https://wiki.hypixel.net/Gladiator"
  ]
}