{
  "itemid": "minecraft:glass_bottle",
  "displayname": "§fGlass Bottle",
  "nbttag": "{HideFlags:254,display:{Lore:[0:\"§f§lCOMMON\"],Name:\"§fGlass Bottle\"},ExtraAttributes:{id:\"GLASS_BOTTLE\"}}",
  "damage": 0,
  "lore": [
    "§f§lCOMMON"
  ],
  "internalname": "GLASS_BOTTLE",
  "modver": "1.3-REL",
  "vanilla": true,
  "clickcommand": "viewrecipe",
  "recipe": {
    "A1": "GLASS:1",
    "A2": "",
    "A3": "GLASS:1",
    "B1": "",
    "B2": "GLASS:1",
    "B3": "",
    "C1": "",
    "C2": "",
    "C3": ""
  }
}
