{
  "itemid": "minecraft:leather_leggings",
  "displayname": "§6Glossy Mineral Leggings",
  "nbttag": "{Unbreakable:1b,HideFlags:254,display:{Lore:[0:\"§7Defense: §a+150\",1:\"§7Speed: §a+25\",2:\"§7Block Fortune: §a+50\",3:\"\",4:\"§8Tiered Bonus: Glossy Mineralworks (0/4)\",5:\"§7Grants §e+0▚ Mining Spread §7on §6Ores\",6:\"§6§7and §9Blocks§7.\",7:\"\",8:\"§7§8This item can be reforged!\",9:\"§6§lLEGENDARY LEGGINGS\"],color:5967278,Name:\"§6Glossy Mineral Leggings\"},ExtraAttributes:{id:\"GLOSSY_MINERAL_LEGGINGS\"}}",
  "damage": 0,
  "lore": [
    "§7Defense: §a+150",
    "§7Speed: §a+25",
    "§7Block Fortune: §a+50",
    "",
    "§8Tiered Bonus: Glossy Mineralworks (0/4)",
    "§7Grants §e+0▚ Mining Spread §7on §6Ores",
    "§6§7and §9Blocks§7.",
    "",
    "§7§8This item can be reforged!",
    "§6§lLEGENDARY LEGGINGS"
  ],
  "recipe": {
    "A1": "GLOSSY_GEMSTONE:2",
    "A2": "GLOSSY_GEMSTONE:2",
    "A3": "GLOSSY_GEMSTONE:2",
    "B1": "GLOSSY_GEMSTONE:2",
    "B2": "MINERAL_LEGGINGS:1",
    "B3": "GLOSSY_GEMSTONE:2",
    "C1": "GLOSSY_GEMSTONE:2",
    "C2": "GLOSSY_GEMSTONE:2",
    "C3": "GLOSSY_GEMSTONE:2"
  },
  "internalname": "GLOSSY_MINERAL_LEGGINGS",
  "clickcommand": "viewrecipe",
  "modver": "",
  "crafttext": "",
  "infoType": "WIKI_URL",
  "info": [
    "https://hypixel-skyblock.fandom.com/wiki/Glossy_Mineral_Leggings",
    "https://wiki.hypixel.net/Glossy_Mineral_Leggings"
  ]
}