{
  "itemid": "minecraft:glowstone_dust",
  "displayname": "§fGlowstone Dust",
  "nbttag": "{HideFlags:254,display:{Lore:[0:\"§7§8Brewing Ingredient\",1:\"§7§8Collection Item\",2:\"\",3:\"§f§lCOMMON BLOCK\"],Name:\"§fGlowstone Dust\"},ExtraAttributes:{id:\"GLOWSTONE_DUST\"}}",
  "damage": 0,
  "lore": [
    "§7§8Brewing Ingredient",
    "§7§8Collection Item",
    "",
    "§f§lCOMMON BLOCK"
  ],
  "internalname": "GLOWSTONE_DUST",
  "modver": "",
  "vanilla": true,
  "clickcommand": "",
  "infoType": "WIKI_URL",
  "info": [
    "https://wiki.hypixel.net/Glowstone_Dust"
  ],
  "crafttext": ""
}