{
  "itemid": "minecraft:skull",
  "displayname": "§9Gnyl (NPC)",
  "nbttag": "{SkullOwner:{Id:\"85ede68e-cd0b-209a-bc2a-0b1427eef55b\",Properties:{textures:[0:{Value:\"eyJ0ZXh0dXJlcyI6eyJTS0lOIjp7InVybCI6Imh0dHBzOi8vdGV4dHVyZXMubWluZWNyYWZ0Lm5ldC90ZXh0dXJlL2VkYWZkYmQ2OTk2MTY0MTRkNWRmZGJlNmI4YmZmOWVlZGZhOWVmZGVkNjlmYzM0NzVkYWNlNGViMDI4OTU3YmQifX19\"}]},Name:\"85ede68e-cd0b-209a-bc2a-0b1427eef55b\"},display:{Lore:[0:\"\"],Name:\"§9Gnyl (NPC)\"},ExtraAttributes:{id:\"GNYL_NPC\"}}",
  "damage": 3,
  "lore": [
    ""
  ],
  "internalname": "GNYL_NPC",
  "clickcommand": "",
  "modver": "2.3.2",
  "x": -376,
  "y": 118,
  "z": -971,
  "island": "crimson_isle",
  "infoType": "WIKI_URL",
  "info": [
    "https://hypixel-skyblock.fandom.com/wiki/Gnyl",
    "https://wiki.hypixel.net/Gnyl"
  ]
}