{
  "itemid": "minecraft:skull",
  "displayname": "§9Goblin Helmet",
  "nbttag": "{HideFlags:254,SkullOwner:{Id:\"870c288a-d7fc-36a8-b4a6-6d563936c274\",Properties:{textures:[0:{Value:\"eyJ0ZXh0dXJlcyI6eyJTS0lOIjp7InVybCI6Imh0dHA6Ly90ZXh0dXJlcy5taW5lY3JhZnQubmV0L3RleHR1cmUvNGJmNTZjNjU0MWMxMjY2ZmZjNDYzNTEwYmRiNTVhZWY5MzE1YWY1NDg4OThjZjVkM2NiYTFiNWI0YzAxIn19fQ\"}]}},display:{Lore:[0:\"§7Health: §a+70\",1:\"§7Intelligence: §a-1\",2:\"§7Mining Speed: §a+10\",3:\"§7Mining Fortune: §a+4\",4:\" §8[§7✎§8] §8[§8⸕§8]\",5:\"\",6:\"§6Full Set Bonus: Smart Miner §7(0/4)\",7:\"§7Converts your Intelligence §7into\",8:\"§7Mining Speed§7. §6+§61⸕ Mining Speed §7for\",9:\"§7every §b15✎ Intelligence §7removed.\",10:\"\",11:\"§7§8This item can be reforged!\",12:\"§9§lRARE HELMET\"],Name:\"§9Goblin Helmet\"},ExtraAttributes:{id:\"GOBLIN_HELMET\"}}",
  "damage": 3,
  "lore": [
    "§7Health: §a+70",
    "§7Intelligence: §a-1",
    "§7Mining Speed: §a+10",
    "§7Mining Fortune: §a+4",
    " §8[§7✎§8] §8[§8⸕§8]",
    "",
    "§6Full Set Bonus: Smart Miner §7(0/4)",
    "§7Converts your Intelligence §7into",
    "§7Mining Speed§7. §6+§61⸕ Mining Speed §7for",
    "§7every §b15✎ Intelligence §7removed.",
    "",
    "§7§8This item can be reforged!",
    "§9§lRARE HELMET"
  ],
  "internalname": "GOBLIN_HELMET",
  "crafttext": "",
  "clickcommand": "",
  "modver": "",
  "infoType": "WIKI_URL",
  "info": [
    "https://hypixel-skyblock.fandom.com/wiki/Goblin_Helmet",
    "https://wiki.hypixel.net/Goblin_Helmet"
  ]
}