{
  "itemid": "minecraft:spawn_egg",
  "displayname": "§9§eYellow Goblin Egg",
  "nbttag": "{HideFlags:254,display:{Lore:[0:\"§7§7§oWhat came first the goblin or the\",1:\"§7§oegg?\",2:\"\",3:\"§9§lRARE\"],Name:\"§9§eYellow Goblin Egg\"},ExtraAttributes:{id:\"GOBLIN_EGG_YELLOW\"}}",
  "damage": 61,
  "lore": [
    "§7§7§oWhat came first the goblin or the",
    "§7§oegg?",
    "",
    "§9§lRARE"
  ],
  "internalname": "GOBLIN_EGG_YELLOW",
  "crafttext": "",
  "clickcommand": "",
  "modver": "",
  "infoType": "WIKI_URL",
  "info": [
    "https://hypixel-skyblock.fandom.com/wiki/Yellow_Goblin_Egg",
    "https://wiki.hypixel.net/Yellow_Goblin_Egg"
  ]
}