{
  "itemid": "minecraft:skull",
  "displayname": "§9Goblin (Monster)",
  "nbttag": "{HideFlags:254,SkullOwner:{Id:\"7c7d07db-4911-31f1-9a19-1589899cfe25\",Properties:{textures:[0:{Value:\"eyJ0ZXh0dXJlcyI6eyJTS0lOIjp7InVybCI6Imh0dHA6Ly90ZXh0dXJlcy5taW5lY3JhZnQubmV0L3RleHR1cmUvYjZiOTcyZTMyZDc2MWIxOTI2MjZlNWQ2ZDAxZWRjMDk0OTQwOTEwMTAzY2VhNWUyZTJkMWYyMzFhZGI3NTVkNSJ9fX0\"}]}},display:{Lore:[0:\"§7Goblins are mobs that spawn in the Goblin Burrows\",1:\"§7area of the Dwarven Mines. They can also spawn\",2:\"§7during goblin raid events.\",3:\"\",4:\"§c❤ Health§8: §c200 - 50,000\"],Name:\"§9Goblin (Monster)\"},ExtraAttributes:{id:\"GOBLIN_MONSTER\"}}",
  "damage": 3,
  "lore": [
    "§7Goblins are mobs that spawn in the Goblin Burrows",
    "§7area of the Dwarven Mines. They can also spawn",
    "§7during goblin raid events.",
    "",
    "§c❤ Health§8: §c200 - 50,000"
  ],
  "internalname": "GOBLIN_MONSTER",
  "clickcommand": "viewrecipe",
  "modver": "2.1.0-REL",
  "infoType": "WIKI_URL",
  "info": [
    "https://hypixel-skyblock.fandom.com/wiki/Goblin",
    "https://wiki.hypixel.net/Goblin"
  ],
  "crafttext": "",
  "recipes": [
    {
      "level": 25,
      "coins": 10,
      "xp": 5,
      "combat_xp": 0,
      "name": "§cGoblin",
      "panorama": "mining_3",
      "render": "@neurepo:mobs/goblin.json",
      "type": "drops",
      "extra": [],
      "drops": [
        {
          "id": "GOBLIN_EGG:1",
          "chance": "1%"
        },
        {
          "id": "GOBLIN_HELMET:1",
          "chance": "0.3%"
        },
        {
          "id": "GOBLIN_CHESTPLATE:1",
          "chance": "0.3%"
        },
        {
          "id": "GOBLIN_LEGGINGS:1",
          "chance": "0.3%"
        },
        {
          "id": "GOBLIN_BOOTS:1",
          "chance": "0.3%"
        }
      ]
    },
    {
      "level": 25,
      "coins": 10,
      "xp": 5,
      "combat_xp": 0,
      "name": "§cFireslinger",
      "panorama": "mining_3",
      "render": "@neurepo:mobs/goblin.json",
      "type": "drops",
      "extra": [],
      "drops": [
        {
          "id": "GOBLIN_EGG:1",
          "chance": "2%"
        },
        {
          "id": "GOBLIN_HELMET:1",
          "chance": "0.3%"
        },
        {
          "id": "GOBLIN_CHESTPLATE:1",
          "chance": "0.3%"
        },
        {
          "id": "GOBLIN_LEGGINGS:1",
          "chance": "0.3%"
        },
        {
          "id": "GOBLIN_BOOTS:1",
          "chance": "0.3%"
        }
      ]
    },
    {
      "level": 25,
      "coins": 10,
      "xp": 5,
      "combat_xp": 28,
      "name": "§cKnifethrower",
      "panorama": "mining_3",
      "render": "@neurepo:mobs/goblin.json",
      "type": "drops",
      "extra": [],
      "drops": [
        {
          "id": "GOBLIN_EGG:1",
          "chance": "0.5%"
        },
        {
          "id": "GOBLIN_HELMET:1",
          "chance": "0.3%"
        },
        {
          "id": "GOBLIN_CHESTPLATE:1",
          "chance": "0.3%"
        },
        {
          "id": "GOBLIN_LEGGINGS:1",
          "chance": "0.3%"
        },
        {
          "id": "GOBLIN_BOOTS:1",
          "chance": "0.3%"
        }
      ]
    },
    {
      "level": 100,
      "coins": 10,
      "xp": 10,
      "combat_xp": 40,
      "name": "§cGoblin Flamethrower",
      "panorama": "mining_3",
      "render": "@neurepo:mobs/goblin.json",
      "type": "drops",
      "extra": [],
      "drops": [
        {
          "id": "GOBLIN_EGG:1",
          "chance": "0.6%"
        },
        {
          "id": "GOBLIN_EGG_YELLOW:1",
          "chance": "0.1%"
        },
        {
          "id": "GOBLIN_EGG_RED:1",
          "chance": "0.04%"
        },
        {
          "id": "GOBLIN_EGG_GREEN:1",
          "chance": "0.25%"
        },
        {
          "id": "GOBLIN_EGG_BLUE:1",
          "chance": "0.02%"
        }
      ]
    },
    {
      "level": 100,
      "coins": 10,
      "xp": 5,
      "combat_xp": 50,
      "name": "§cCreeperlobber",
      "panorama": "mining_3",
      "render": "@neurepo:mobs/goblin.json",
      "type": "drops",
      "extra": [],
      "drops": [
        {
          "id": "SULPHUR",
          "chance": "50%"
        },
        {
          "id": "GOBLIN_EGG:1",
          "chance": "0.6%"
        },
        {
          "id": "GOBLIN_EGG_YELLOW:1",
          "chance": "0.1%"
        },
        {
          "id": "GOBLIN_EGG_RED:1",
          "chance": "0.04%"
        },
        {
          "id": "GOBLIN_EGG_GREEN:1",
          "chance": "0.25%"
        },
        {
          "id": "GOBLIN_EGG_BLUE:1",
          "chance": "0.02%"
        }
      ]
    },
    {
      "level": 200,
      "coins": 10,
      "xp": 5,
      "combat_xp": 60,
      "name": "§cMurderlover",
      "panorama": "mining_3",
      "render": "@neurepo:mobs/goblin.json",
      "type": "drops",
      "extra": [],
      "drops": [
        {
          "id": "GOBLIN_EGG:1",
          "chance": "0.6%"
        },
        {
          "id": "GOBLIN_EGG_YELLOW:1",
          "chance": "0.1%"
        },
        {
          "id": "GOBLIN_EGG_RED:1",
          "chance": "0.04%"
        },
        {
          "id": "GOBLIN_EGG_GREEN:1",
          "chance": "0.25%"
        },
        {
          "id": "GOBLIN_EGG_BLUE:1",
          "chance": "0.02%"
        }
      ]
    }
  ]
}