{
  "itemid": "minecraft:spawn_egg",
  "displayname": "§a§aGreen Goblin Egg",
  "nbttag": "{HideFlags:254,display:{Lore:[0:\"§7§7§oWhat came first the goblin or the\",1:\"§7§oegg?\",2:\"\",3:\"§a§lUNCOMMON\"],Name:\"§a§aGreen Goblin Egg\"},ExtraAttributes:{id:\"GOBLIN_EGG_GREEN\"}}",
  "damage": 55,
  "lore": [
    "§7§7§oWhat came first the goblin or the",
    "§7§oegg?",
    "",
    "§a§lUNCOMMON"
  ],
  "internalname": "GOBLIN_EGG_GREEN",
  "crafttext": "",
  "clickcommand": "",
  "modver": "",
  "infoType": "WIKI_URL",
  "info": [
    "https://hypixel-skyblock.fandom.com/wiki/Green_Goblin_Egg",
    "https://wiki.hypixel.net/Green_Goblin_Egg"
  ]
}