{
  "itemid": "minecraft:spawn_egg",
  "displayname": "§9§3Blue Goblin Egg",
  "nbttag": "{HideFlags:254,display:{Lore:[0:\"§7§7§oWhat came first the goblin or the\",1:\"§7§oegg?\",2:\"\",3:\"§9§lRARE\"],Name:\"§9§3Blue Goblin Egg\"},ExtraAttributes:{id:\"GOBLIN_EGG_BLUE\"}}",
  "damage": 94,
  "lore": [
    "§7§7§oWhat came first the goblin or the",
    "§7§oegg?",
    "",
    "§9§lRARE"
  ],
  "internalname": "GOBLIN_EGG_BLUE",
  "crafttext": "",
  "clickcommand": "",
  "modver": "",
  "infoType": "WIKI_URL",
  "info": [
    "https://hypixel-skyblock.fandom.com/wiki/Blue_Goblin_Egg",
    "https://wiki.hypixel.net/Blue_Goblin_Egg"
  ]
}