{
  "itemid": "minecraft:golden_shovel",
  "displayname": "§fGolden Shovel",
  "nbttag": "{HideFlags:254,display:{Lore:[0:\"§7Damage: §c+15\",1:\"\",2:\"§f§lCOMMON SHOVEL\"],Name:\"§fGolden Shovel\"},ExtraAttributes:{id:\"GOLD_SPADE\"}}",
  "damage": 0,
  "lore": [
    "§7Damage: §c+15",
    "",
    "§f§lCOMMON SHOVEL"
  ],
  "internalname": "GOLD_SPADE",
  "modver": "2.1.0-REL",
  "vanilla": true,
  "clickcommand": "viewrecipe",
  "recipe": {
    "A1": "GOLD_INGOT:1",
    "A2": "",
    "A3": "",
    "B1": "STICK:1",
    "B2": "",
    "B3": "",
    "C1": "STICK:1",
    "C2": "",
    "C3": ""
  },
  "crafttext": "",
  "infoType": "WIKI_URL",
  "info": [
    "https://wiki.hypixel.net/Golden_Shovel"
  ]
}