{
  "itemid": "minecraft:golden_axe",
  "displayname": "§fGolden Axe",
  "nbttag": "{HideFlags:254,display:{Lore:[0:\"§7Damage: §c+20\",1:\"\",2:\"§7§8This item can be reforged!\",3:\"§f§lCOMMON AXE\"],Name:\"§fGolden Axe\"},ExtraAttributes:{id:\"GOLD_AXE\"}}",
  "damage": 0,
  "lore": [
    "§7Damage: §c+20",
    "",
    "§7§8This item can be reforged!",
    "§f§lCOMMON AXE"
  ],
  "internalname": "GOLD_AXE",
  "modver": "2.1.0-REL",
  "vanilla": true,
  "clickcommand": "viewrecipe",
  "recipe": {
    "A1": "GOLD_INGOT:1",
    "A2": "GOLD_INGOT:1",
    "A3": "",
    "B1": "GOLD_INGOT:1",
    "B2": "STICK:1",
    "B3": "",
    "C1": "",
    "C2": "STICK:1",
    "C3": ""
  },
  "crafttext": "",
  "infoType": "WIKI_URL",
  "info": [
    "https://wiki.hypixel.net/Golden_Axe"
  ]
}