{
  "itemid": "minecraft:light_weighted_pressure_plate",
  "displayname": "§fWeighted Pressure Plate (Light)",
  "nbttag": "{HideFlags:254,display:{Lore:[0:\"§f§lCOMMON\"],Name:\"§fWeighted Pressure Plate (Light)\"},ExtraAttributes:{id:\"GOLD_PLATE\"}}",
  "damage": 0,
  "lore": [
    "§f§lCOMMON"
  ],
  "internalname": "GOLD_PLATE",
  "modver": "1.3-REL",
  "vanilla": true,
  "clickcommand": "viewrecipe",
  "recipe": {
    "A1": "GOLD_INGOT:1",
    "A2": "GOLD_INGOT:1",
    "A3": "",
    "B1": "",
    "B2": "",
    "B3": "",
    "C1": "",
    "C2": "",
    "C3": ""
  }
}
