{
  "internalname": "GOLD_GIFT",
  "itemid": "minecraft:skull",
  "displayname": "§cGolden Gift",
  "clickcommand": "",
  "damage": 3,
  "nbttag": "{HideFlags:254,SkullOwner:{Id:\"01c4b285-93e7-3847-a485-eebb5c8f43d6\",Properties:{textures:[0:{Value:\"eyJ0ZXh0dXJlcyI6eyJTS0lOIjp7InVybCI6Imh0dHA6Ly90ZXh0dXJlcy5taW5lY3JhZnQubmV0L3RleHR1cmUvYzE3MmQwYTBkNjk2OTIxNmI3ZjBiMmY5OWFkYjQwOTk0NWM1ZGU5YjA4MzFmZjVlZjA2NGJhNWYzODM1ZTY5NiJ9fX0=\"}]}},display:{Lore:[0:\"§7It's a trophy!\",1:\"\",2:\"§c§lSPECIAL\"],Name:\"§cGolden Gift\"},ExtraAttributes:{id:\"GOLD_GIFT\"}}",
  "modver": "2.1.0-REL",
  "lore": [
    "§7It's a trophy!",
    "",
    "§c§lSPECIAL"
  ],
  "infoType": "WIKI_URL",
  "info": [
    "https://hypixel-skyblock.fandom.com/wiki/Golden_Gift",
    "https://wiki.hypixel.net/Golden_Gift"
  ]
}