{
  "itemid": "minecraft:skull",
  "displayname": "§5Golden Ball",
  "nbttag": "{HideFlags:254,SkullOwner:{Id:\"673d3fa2-53cc-3cb9-bfe1-c8c625eb96ff\",Properties:{textures:[0:{Value:\"eyJ0ZXh0dXJlcyI6eyJTS0lOIjp7InVybCI6Imh0dHA6Ly90ZXh0dXJlcy5taW5lY3JhZnQubmV0L3RleHR1cmUvNzU5NGNhNWRjNWM4NWRiM2I0YTkwZDQ4NTkzMmJlZGU1ZmJkZjQwMjNmYzRmYmZmNmZlMTRiZTQwOWMxZjk3In19fQ\u003d\u003d\"}]}},display:{Lore:[0:\"§8Reforge Stone\",1:\"§7§8Combinable in Reforge Anvil\",2:\"\",3:\"§7Applies the §9Bountiful §7reforge when\",4:\"§7combined with a hoe or axe§7.\",5:\"\",6:\"§9Bountiful §7(§6Legendary§7):\",7:\"§7Speed: §a+8\",8:\"§7Farming Fortune: §a+7\",9:\"\",10:\"§9Bountiful Bonus\",11:\"§7Grants §a+7 §6☘ Farming Fortune§7, which\",12:\"§7increases your chance for multiple\",13:\"§7crops.\",14:\"§7Grants §6+0.2 coins §7per crop.\",15:\"\",16:\"§7Requires §aMining Skill Level XXX§7!\",17:\"\",18:\"§5§lEPIC REFORGE STONE\"],Name:\"§5Golden Ball\"},ExtraAttributes:{id:\"GOLDEN_BALL\"}}",
  "damage": 3,
  "lore": [
    "§8Reforge Stone",
    "§7§8Combinable in Reforge Anvil",
    "",
    "§7Applies the §9Bountiful §7reforge when",
    "§7combined with a hoe or axe§7.",
    "",
    "§9Bountiful §7(§6Legendary§7):",
    "§7Speed: §a+8",
    "§7Farming Fortune: §a+7",
    "",
    "§9Bountiful Bonus",
    "§7Grants §a+7 §6☘ Farming Fortune§7, which",
    "§7increases your chance for multiple",
    "§7crops.",
    "§7Grants §6+0.2 coins §7per crop.",
    "",
    "§7Requires §aMining Skill Level XXX§7!",
    "",
    "§5§lEPIC REFORGE STONE"
  ],
  "internalname": "GOLDEN_BALL",
  "clickcommand": "",
  "modver": "",
  "infoType": "WIKI_URL",
  "info": [
    "https://hypixel-skyblock.fandom.com/wiki/Golden_Ball",
    "https://wiki.hypixel.net/Golden_Ball"
  ],
  "crafttext": ""
}