{
  "itemid": "minecraft:golden_leggings",
  "displayname": "§fGolden Leggings",
  "nbttag": "{Unbreakable:1b,HideFlags:254,display:{Lore:[0:\"§7Defense: §a+15\",1:\"\",2:\"§7§8This item can be reforged!\",3:\"§f§lCOMMON LEGGINGS\"],Name:\"§fGolden Leggings\"},ExtraAttributes:{originTag:\"CRAFTING_GRID_COLLECT\",id:\"GOLD_LEGGINGS\"}}",
  "damage": 0,
  "lore": [
    "§7Defense: §a+15",
    "",
    "§7§8This item can be reforged!",
    "§f§lCOMMON LEGGINGS"
  ],
  "internalname": "GOLD_LEGGINGS",
  "crafttext": "",
  "clickcommand": "viewrecipe",
  "recipe": {
    "A1": "GOLD_INGOT:1",
    "A2": "GOLD_INGOT:1",
    "A3": "GOLD_INGOT:1",
    "B1": "GOLD_INGOT:1",
    "B2": "",
    "B3": "GOLD_INGOT:1",
    "C1": "GOLD_INGOT:1",
    "C2": "",
    "C3": "GOLD_INGOT:1"
  },
  "modver": "2.1.0-REL",
  "vanilla": true,
  "infoType": "WIKI_URL",
  "info": [
    "https://wiki.hypixel.net/Golden_Leggings"
  ]
}