{
  "itemid": "minecraft:golden_hoe",
  "displayname": "§fGolden Hoe",
  "nbttag": "{HideFlags:254,display:{Lore:[0:\"§7§8This item can be reforged!\",1:\"§f§lCOMMON HOE\"],Name:\"§fGolden Hoe\"},ExtraAttributes:{id:\"GOLD_HOE\"}}",
  "damage": 0,
  "lore": [
    "§7§8This item can be reforged!",
    "§f§lCOMMON HOE"
  ],
  "internalname": "GOLD_HOE",
  "modver": "2.1.0-REL",
  "vanilla": true,
  "clickcommand": "viewrecipe",
  "recipe": {
    "A1": "GOLD_INGOT:1",
    "A2": "GOLD_INGOT:1",
    "A3": "",
    "B1": "",
    "B2": "STICK:1",
    "B3": "",
    "C1": "",
    "C2": "STICK:1",
    "C3": ""
  },
  "crafttext": "",
  "infoType": "WIKI_URL",
  "info": [
    "https://wiki.hypixel.net/Golden_Hoe"
  ]
}