{
  "itemid": "minecraft:glowstone_dust",
  "displayname": "§5Golden Powder",
  "nbttag": "{ench:[],HideFlags:254,display:{Lore:[0:\"§eRight-click to view recipes!\",1:\"\",2:\"§5§lEPIC\"],Name:\"§5Golden Powder\"},ExtraAttributes:{id:\"GOLDEN_POWDER\"}}",
  "damage": 0,
  "lore": [
    "§eRight-click to view recipes!",
    "",
    "§5§lEPIC"
  ],
  "internalname": "GOLDEN_POWDER",
  "clickcommand": "",
  "modver": "2.1.0-REL",
  "infoType": "WIKI_URL",
  "info": [
    "https://hypixel-skyblock.fandom.com/wiki/Golden_Powder",
    "https://wiki.hypixel.net/Golden_Powder"
  ]
}