{
  "itemid": "minecraft:golden_apple",
  "displayname": "§aEnchanted Golden Apple",
  "nbttag": "{HideFlags:254,display:{Lore:[0:\"§a§lUNCOMMON\"],Name:\"§aEnchanted Golden Apple\"},ExtraAttributes:{id:\"GOLDEN_APPLE-1\"}}",
  "damage": 1,
  "lore": [
    "§a§lUNCOMMON"
  ],
  "recipe": {
    "A1": "GOLD_BLOCK:1",
    "A2": "GOLD_BLOCK:1",
    "A3": "GOLD_BLOCK:1",
    "B1": "GOLD_BLOCK:1",
    "B2": "APPLE:1",
    "B3": "GOLD_BLOCK:1",
    "C1": "GOLD_BLOCK:1",
    "C2": "GOLD_BLOCK:1",
    "C3": "GOLD_BLOCK:1"
  },
  "internalname": "GOLDEN_APPLE-1",
  "crafttext": "",
  "clickcommand": "viewrecipe",
  "vanilla": true,
  "modver": "2.1.0-REL",
  "infoType": ""
}