{
  "itemid": "minecraft:golden_sword",
  "displayname": "§fGolden Sword",
  "nbttag": "{HideFlags:254,display:{Lore:[0:\"§7Damage: §c+20\",1:\"\",2:\"§7§8This item can be reforged!\",3:\"§f§lCOMMON SWORD\"],Name:\"§fGolden Sword\"},ExtraAttributes:{id:\"GOLD_SWORD\"}}",
  "damage": 0,
  "lore": [
    "§7Damage: §c+20",
    "",
    "§7§8This item can be reforged!",
    "§f§lCOMMON SWORD"
  ],
  "internalname": "GOLD_SWORD",
  "modver": "2.1.0-REL",
  "vanilla": true,
  "clickcommand": "viewrecipe",
  "recipe": {
    "A1": "GOLD_INGOT:1",
    "A2": "",
    "A3": "",
    "B1": "GOLD_INGOT:1",
    "B2": "",
    "B3": "",
    "C1": "STICK:1",
    "C2": "",
    "C3": ""
  },
  "crafttext": "",
  "infoType": "WIKI_URL",
  "info": [
    "https://wiki.hypixel.net/Golden_Sword"
  ]
}