{
  "internalname": "GOLD_CANDY",
  "itemid": "minecraft:skull",
  "displayname": "§6Golden Treat",
  "clickcommand": "",
  "damage": 3,
  "nbttag": "{HideFlags:254,SkullOwner:{Id:\"0e128aac-87dc-374f-85dc-410816560c67\",Properties:{textures:[0:{Value:\"eyJ0ZXh0dXJlcyI6eyJTS0lOIjp7InVybCI6Imh0dHA6Ly90ZXh0dXJlcy5taW5lY3JhZnQubmV0L3RleHR1cmUvNzU3Mzk5MzgxODE0NGFiMDQ2NWY5ZmZhODBiNGZhYzk4MDZiNjlmYzliNTBjOWEzNGQ1NTYzNWIwMzgxY2QxMiJ9fX0=\"}]}},display:{Lore:[0:\"§7Obtained during the §6Spooky\",1:\"§6Festival §7for placing within\",2:\"§7the Top 50 of the Candy Contest!\",3:\"§7Can be placed.\",4:\"\",5:\"§6§lLEGENDARY\"],Name:\"§6Golden Treat\"},ExtraAttributes:{id:\"GOLD_CANDY\"}}",
  "modver": "2.1.0-REL",
  "lore": [
    "§7Obtained during the §6Spooky",
    "§6Festival §7for placing within",
    "§7the Top 50 of the Candy Contest!",
    "§7Can be placed.",
    "",
    "§6§lLEGENDARY"
  ],
  "infoType": "WIKI_URL",
  "info": [
    "https://hypixel-skyblock.fandom.com/wiki/Golden_Treat",
    "https://wiki.hypixel.net/Golden_Treat"
  ]
}