{
  "itemid": "minecraft:skull",
  "displayname": "§9Golden Ghoul (Monster)",
  "nbttag": "{SkullOwner:{Id:\"e6cc4b0b-df08-4020-8640-1cd7d49f2207\",Properties:{textures:[0:{Value:\"eyJ0ZXh0dXJlcyI6eyJTS0lOIjp7InVybCI6Imh0dHA6Ly90ZXh0dXJlcy5taW5lY3JhZnQubmV0L3RleHR1cmUvMjVkMmYzMWJhMTYyZmU2MjcyZTgzMWFlZDE3ZjUzMjEzZGI2ZmExYzRjYmU0ZmM4MjdmMzk2M2NjOThiOSJ9fX0\u003d\"}]}},display:{Lore:[0:\"§7The Golden Ghoul is a mob added in the Slayer\",1:\"§7update. It spawns accompanied by Crypt Ghouls\",2:\"§7and spawns at the deepest part of the Coal Mine.\",3:\"§7The Golden Ghoul\u0027s appearance is of a zombie wearing\",4:\"§7Golden Armor holding a Golden Sword.\",5:\"\",6:\"§c❤ Health§8: §c45,000\"],Name:\"§9Golden Ghoul (Monster)\"},ExtraAttributes:{id:\"GOLDEN_GHOUL_MONSTER\"}}",
  "damage": 3,
  "lore": [
    "§7The Golden Ghoul is a mob added in the Slayer",
    "§7update. It spawns accompanied by Crypt Ghouls",
    "§7and spawns at the deepest part of the Coal Mine.",
    "§7The Golden Ghoul\u0027s appearance is of a zombie wearing",
    "§7Golden Armor holding a Golden Sword.",
    "",
    "§c❤ Health§8: §c45,000"
  ],
  "internalname": "GOLDEN_GHOUL_MONSTER",
  "clickcommand": "viewrecipe",
  "modver": "2.1.0-REL",
  "infoType": "WIKI_URL",
  "info": [
    "https://hypixel-skyblock.fandom.com/wiki/Golden_Ghoul",
    "https://wiki.hypixel.net/Golden_Ghoul"
  ],
  "crafttext": "",
  "recipes": [
    {
      "level": 60,
      "coins": 100,
      "xp": 30,
      "combat_xp": 50,
      "name": "§cGolden Ghoul",
      "render": "@neurepo:mobs/golden_ghoul.json",
      "panorama": "hub",
      "type": "drops",
      "drops": [
        {
          "id": "ROTTEN_FLESH:2",
          "chance": "100%"
        },
        {
          "id": "GOLD_INGOT",
          "chance": "x1-10"
        },
        {
          "id": "GOLDEN_POWDER",
          "chance": "0.05%"
        }
      ]
    }
  ]
}