{
  "itemid": "minecraft:golden_chestplate",
  "displayname": "§fGolden Chestplate",
  "nbttag": "{Unbreakable:1b,HideFlags:254,display:{Lore:[0:\"§7Defense: §a+25\",1:\"\",2:\"§7§8This item can be reforged!\",3:\"§f§lCOMMON CHESTPLATE\"],Name:\"§fGolden Chestplate\"},ExtraAttributes:{originTag:\"CRAFTING_GRID_COLLECT\",id:\"GOLD_CHESTPLATE\"}}",
  "damage": 0,
  "lore": [
    "§7Defense: §a+25",
    "",
    "§7§8This item can be reforged!",
    "§f§lCOMMON CHESTPLATE"
  ],
  "internalname": "GOLD_CHESTPLATE",
  "crafttext": "",
  "clickcommand": "viewrecipe",
  "recipe": {
    "A1": "GOLD_INGOT:1",
    "A2": "",
    "A3": "GOLD_INGOT:1",
    "B1": "GOLD_INGOT:1",
    "B2": "GOLD_INGOT:1",
    "B3": "GOLD_INGOT:1",
    "C1": "GOLD_INGOT:1",
    "C2": "GOLD_INGOT:1",
    "C3": "GOLD_INGOT:1"
  },
  "modver": "2.1.0-REL",
  "vanilla": true,
  "infoType": "WIKI_URL",
  "info": [
    "https://wiki.hypixel.net/Golden_Chestplate"
  ]
}