{
  "itemid": "minecraft:golden_helmet",
  "displayname": "§fGolden Helmet",
  "nbttag": "{Unbreakable:1b,HideFlags:254,display:{Lore:[0:\"§7Defense: §a+10\",1:\"\",2:\"§7§8This item can be reforged!\",3:\"§f§lCOMMON HELMET\"],Name:\"§fGolden Helmet\"},ExtraAttributes:{originTag:\"CRAFTING_GRID_COLLECT\",id:\"GOLD_HELMET\"}}",
  "damage": 0,
  "lore": [
    "§7Defense: §a+10",
    "",
    "§7§8This item can be reforged!",
    "§f§lCOMMON HELMET"
  ],
  "internalname": "GOLD_HELMET",
  "crafttext": "",
  "clickcommand": "viewrecipe",
  "recipe": {
    "A1": "GOLD_INGOT:1",
    "A2": "GOLD_INGOT:1",
    "A3": "GOLD_INGOT:1",
    "B1": "GOLD_INGOT:1",
    "B2": "",
    "B3": "GOLD_INGOT:1",
    "C1": "",
    "C2": "",
    "C3": ""
  },
  "modver": "2.1.0-REL",
  "vanilla": true,
  "infoType": "WIKI_URL",
  "info": [
    "https://wiki.hypixel.net/Golden_Helmet"
  ]
}