{
  "itemid": "minecraft:golden_carrot",
  "displayname": "§fGolden Carrot",
  "nbttag": "{HideFlags:254,display:{Lore:[0:\"§f§lCOMMON\"],Name:\"§fGolden Carrot\"},ExtraAttributes:{id:\"GOLDEN_CARROT\"}}",
  "damage": 0,
  "lore": [
    "§f§lCOMMON"
  ],
  "internalname": "GOLDEN_CARROT",
  "modver": "2.1.0-REL",
  "vanilla": true,
  "clickcommand": "viewrecipe",
  "recipe": {
    "A1": "GOLD_NUGGET:1",
    "A2": "GOLD_NUGGET:1",
    "A3": "GOLD_NUGGET:1",
    "B1": "GOLD_NUGGET:1",
    "B2": "CARROT_ITEM:1",
    "B3": "GOLD_NUGGET:1",
    "C1": "GOLD_NUGGET:1",
    "C2": "GOLD_NUGGET:1",
    "C3": "GOLD_NUGGET:1"
  },
  "infoType": "WIKI_URL",
  "info": [
    "https://wiki.hypixel.net/Golden_Carrot"
  ]
}