{
  "itemid": "minecraft:skull",
  "displayname": "§f§f§e◆ Golden Rune III",
  "nbttag": "{overrideMeta:1b,HideFlags:254,SkullOwner:{Id:\"1596b0a3-a6a9-3d0f-9526-c94545652325\",Properties:{textures:[0:{Value:\"eyJ0ZXh0dXJlcyI6eyJTS0lOIjp7InVybCI6Imh0dHBzOi8vdGV4dHVyZXMubWluZWNyYWZ0Lm5ldC90ZXh0dXJlLzM1ZjQ4NjFhYTViMjJlZTI4YTkwZTc1ZGFiNDVkMjIxZWZkMTRjMGIxZWNjOGVlOTk4ZmI2N2U0M2JiOGYzZGUifX19\"}]}},display:{Lore:[0:\"§8Requires level 14\",1:\"§8Bows\",2:\"\",3:\"§7Flaunt your wealth with golden\",4:\"§7arrows!\",5:\"\",6:\"§7Apply this rune to bows or fuse\",7:\"§7two together at the Runic\",8:\"§7Pedestal!\",9:\"\",10:\"§5§lEPIC COSMETIC\"],Name:\"§f§f§e◆ Golden Rune III\"},ExtraAttributes:{runes:{GOLDEN:3},id:\"GOLDEN_RUNE;3\"},AttributeModifiers:[]}",
  "damage": 3,
  "lore": [
    "§8Requires level 14",
    "§8Bows",
    "",
    "§7Flaunt your wealth with golden",
    "§7arrows!",
    "",
    "§7Apply this rune to bows or fuse",
    "§7two together at the Runic",
    "§7Pedestal!",
    "",
    "§5§lEPIC COSMETIC"
  ],
  "internalname": "GOLDEN_RUNE;3",
  "crafttext": "",
  "clickcommand": "",
  "modver": "2.0.0-REL",
  "infoType": "WIKI_URL",
  "info": [
    "https://hypixel-skyblock.fandom.com/wiki/Golden_Rune",
    "https://wiki.hypixel.net/◆_Golden_Rune_III"
  ]
}