{
  "itemid": "minecraft:golden_boots",
  "displayname": "§fGolden Boots",
  "nbttag": "{Unbreakable:1b,HideFlags:254,display:{Lore:[0:\"§7Defense: §a+5\",1:\"\",2:\"§7§8This item can be reforged!\",3:\"§f§lCOMMON BOOTS\"],Name:\"§fGolden Boots\"},ExtraAttributes:{originTag:\"CRAFTING_GRID_COLLECT\",id:\"GOLD_BOOTS\"}}",
  "damage": 0,
  "lore": [
    "§7Defense: §a+5",
    "",
    "§7§8This item can be reforged!",
    "§f§lCOMMON BOOTS"
  ],
  "internalname": "GOLD_BOOTS",
  "crafttext": "",
  "clickcommand": "viewrecipe",
  "recipe": {
    "A1": "GOLD_INGOT:1",
    "A2": "",
    "A3": "GOLD_INGOT:1",
    "B1": "GOLD_INGOT:1",
    "B2": "",
    "B3": "GOLD_INGOT:1",
    "C1": "",
    "C2": "",
    "C3": ""
  },
  "modver": "2.1.0-REL",
  "vanilla": true,
  "infoType": "WIKI_URL",
  "info": [
    "https://wiki.hypixel.net/Golden_Boots"
  ]
}