{
  "itemid": "minecraft:golden_chestplate",
  "displayname": "§5Gold Hunter Chestplate",
  "nbttag": "{Unbreakable:1b,HideFlags:254,display:{Lore:[0:\"§7Health: §a+150\",1:\" §8[§8☂§8] §8[§8☂§8]\",2:\"\",3:\"§6Full Set Bonus: Peace Treaty §7(0/4)\",4:\"§7Gain immunity to Sea Creatures but\",5:\"§7they are immune to you and you can\",6:\"§7no longer catch them.\",7:\"\",8:\"§8Tiered Bonus: Odger\u0027s Blessing (0/4)\",9:\"§7§7Grants §6+0♔ Trophy Fish Chance§7.\",10:\" \",11:\"§6Full Set Bonus: Star Fisher §7(0/4)\",12:\"§7§7Grants §b+0.7☂ Fishing Speed§7 per §6✪\",13:\"§6Upgrade Star §7on your armor.\",14:\"\",15:\"§7§8This item can be reforged!\",16:\"§7§4❣ §cRequires §cExpert Trophy Fisher.\",17:\"§8§l* §8Soulbound §8§l*\",18:\"§5§lEPIC CHESTPLATE\"],Name:\"§5Gold Hunter Chestplate\"},ExtraAttributes:{id:\"GOLD_HUNTER_CHESTPLATE\"}}",
  "damage": 0,
  "lore": [
    "§7Health: §a+150",
    " §8[§8☂§8] §8[§8☂§8]",
    "",
    "§6Full Set Bonus: Peace Treaty §7(0/4)",
    "§7Gain immunity to Sea Creatures but",
    "§7they are immune to you and you can",
    "§7no longer catch them.",
    "",
    "§8Tiered Bonus: Odger\u0027s Blessing (0/4)",
    "§7§7Grants §6+0♔ Trophy Fish Chance§7.",
    " ",
    "§6Full Set Bonus: Star Fisher §7(0/4)",
    "§7§7Grants §b+0.7☂ Fishing Speed§7 per §6✪",
    "§6Upgrade Star §7on your armor.",
    "",
    "§7§8This item can be reforged!",
    "§7§4❣ §cRequires §cExpert Trophy Fisher.",
    "§8§l* §8Soulbound §8§l*",
    "§5§lEPIC CHESTPLATE"
  ],
  "internalname": "GOLD_HUNTER_CHESTPLATE",
  "crafttext": "",
  "clickcommand": "",
  "modver": "",
  "infoType": "WIKI_URL",
  "info": [
    "https://hypixel-skyblock.fandom.com/wiki/Gold_Hunter_Chestplate",
    "https://wiki.hypixel.net/Gold_Hunter_Chestplate"
  ]
}