{
  "itemid": "minecraft:skull",
  "displayname": "§f§f§cGoldor the Fish",
  "nbttag": "{overrideMeta:1b,HideFlags:254,SkullOwner:{Id:\"bff50f62-bbd8-3ea8-9e7f-126e7efe9544\",Properties:{textures:[0:{Value:\"eyJ0ZXh0dXJlcyI6eyJTS0lOIjp7InVybCI6Imh0dHA6Ly90ZXh0dXJlcy5taW5lY3JhZnQubmV0L3RleHR1cmUvM2U0ZjQ5NTM1YTI3NmFhY2M0ZGM4NDEzM2JmZTgxYmU1ZjJhNDc5OWE0YzA0ZDlhNGRkYjcyZDgxOWVjMmIyYiJ9fX0\u003d\"}]}},display:{Lore:[0:\"§7Two things are infinite, the\",1:\"§7universe and my ego.\",2:\"\",3:\"§c§lSPECIAL DUNGEON ITEM\"],Name:\"§f§f§cGoldor the Fish\"},ExtraAttributes:{id:\"GOLDOR_THE_FISH\"},AttributeModifiers:[]}",
  "damage": 3,
  "lore": [
    "§7Two things are infinite, the",
    "§7universe and my ego.",
    "",
    "§c§lSPECIAL DUNGEON ITEM"
  ],
  "internalname": "GOLDOR_THE_FISH",
  "crafttext": "",
  "clickcommand": "",
  "modver": "2.1.0-REL",
  "infoType": "WIKI_URL",
  "info": [
    "https://hypixel-skyblock.fandom.com/wiki/Goldor_the_Fish",
    "https://wiki.hypixel.net/Goldor_The_Fish"
  ]
}