{
  "itemid": "minecraft:arrow",
  "displayname": "§fGold-tipped Arrow",
  "nbttag": "{HideFlags:254,display:{Lore:[0:\"§7Damage: §c+10\",1:\"\",2:\"§7§4❣ §cRequires §aCombat Skill 8§c.\",3:\"§7§4❣ §cRequires §aTarget Practice I§c.\",4:\"§8Stats added when shot!\",5:\"§f§lCOMMON ARROW\"],Name:\"§fGold-tipped Arrow\"},ExtraAttributes:{id:\"GOLD_TIPPED_ARROW\"}}",
  "damage": 0,
  "lore": [
    "§7Damage: §c+10",
    "",
    "§7§4❣ §cRequires §aCombat Skill 8§c.",
    "§7§4❣ §cRequires §aTarget Practice I§c.",
    "§8Stats added when shot!",
    "§f§lCOMMON ARROW"
  ],
  "internalname": "GOLD_TIPPED_ARROW",
  "crafttext": "",
  "clickcommand": "",
  "modver": "2.5.0",
  "infoType": "WIKI_URL",
  "info": [
    "https://hypixel-skyblock.fandom.com/wiki/Arrows",
    "https://wiki.hypixel.net/Gold-tipped_Arrow"
  ]
}