{
  "itemid": "minecraft:golden_pickaxe",
  "displayname": "§fGolden Pickaxe",
  "nbttag": "{Unbreakable:1b,HideFlags:254,display:{Lore:[0:\"§8Breaking Power 1\",1:\"\",2:\"§7Damage: §c+15\",3:\"§7Mining Speed: §a+250\",4:\"\",5:\"§7§8This item can be reforged!\",6:\"§f§lCOMMON PICKAXE\"],Name:\"§fGolden Pickaxe\"},ExtraAttributes:{id:\"GOLD_PICKAXE\"}}",
  "damage": 0,
  "lore": [
    "§8Breaking Power 1",
    "",
    "§7Damage: §c+15",
    "§7Mining Speed: §a+250",
    "",
    "§7§8This item can be reforged!",
    "§f§lCOMMON PICKAXE"
  ],
  "internalname": "GOLD_PICKAXE",
  "modver": "2.1.1-PRE",
  "vanilla": true,
  "clickcommand": "viewrecipe",
  "recipe": {
    "A1": "GOLD_INGOT:1",
    "A2": "GOLD_INGOT:1",
    "A3": "GOLD_INGOT:1",
    "B1": "",
    "B2": "STICK:1",
    "B3": "",
    "C1": "",
    "C2": "STICK:1",
    "C3": ""
  },
  "crafttext": "",
  "infoType": "WIKI_URL",
  "info": [
    "https://wiki.hypixel.net/Golden_Pickaxe"
  ]
}