{
  "itemid": "minecraft:gold_nugget",
  "displayname": "§fGold Nugget",
  "nbttag": "{HideFlags:254,display:{Lore:[0:\"§f§lCOMMON\"],Name:\"§fGold Nugget\"},ExtraAttributes:{id:\"GOLD_NUGGET\"}}",
  "damage": 0,
  "lore": [
    "§f§lCOMMON"
  ],
  "internalname": "GOLD_NUGGET",
  "modver": "1.3-REL",
  "vanilla": true,
  "clickcommand": "viewrecipe",
  "recipe": {
    "A1": "GOLD_INGOT:1",
    "A2": "",
    "A3": "",
    "B1": "",
    "B2": "",
    "B3": "",
    "C1": "",
    "C2": "",
    "C3": ""
  }
}
