{
  "itemid": "minecraft:iron_leggings",
  "displayname": "§9Golem Armor Leggings",
  "nbttag": "{Unbreakable:1,HideFlags:254,display:{Lore:[0:\"§7Health: §a+55\",1:\"§7Defense: §a+75\",2:\"\",3:\"§6Full Set Bonus: Absorption\",4:\"§7Grants the wearer §aAbsorption\",5:\"§a3§7 for §a20 seconds§7 when they\",6:\"§7kill an enemy.\",7:\"\",8:\"§7§8This item can be reforged!\",9:\"§9§lRARE LEGGINGS\"],Name:\"§9Golem Armor Leggings\"},ExtraAttributes:{id:\"GOLEM_ARMOR_LEGGINGS\"}}",
  "damage": 0,
  "lore": [
    "§7Health: §a+55",
    "§7Defense: §a+75",
    "",
    "§6Full Set Bonus: Absorption",
    "§7Grants the wearer §aAbsorption",
    "§a3§7 for §a20 seconds§7 when they",
    "§7kill an enemy.",
    "",
    "§7§8This item can be reforged!",
    "§9§lRARE LEGGINGS"
  ],
  "recipe": {
    "A1": "ENCHANTED_IRON:10",
    "A2": "ENCHANTED_IRON:10",
    "A3": "ENCHANTED_IRON:10",
    "B1": "ENCHANTED_IRON:10",
    "B2": "",
    "B3": "ENCHANTED_IRON:10",
    "C1": "ENCHANTED_IRON:10",
    "C2": "",
    "C3": "ENCHANTED_IRON:10"
  },
  "internalname": "GOLEM_ARMOR_LEGGINGS",
  "clickcommand": "viewrecipe",
  "modver": "2.1.0-REL",
  "infoType": "WIKI_URL",
  "info": [
    "https://hypixel-skyblock.fandom.com/wiki/Golem_Armor_Leggings",
    "https://wiki.hypixel.net/Golem_Armor_Leggings"
  ],
  "crafttext": "Requires: Iron Ingot VI"
}