{
  "itemid": "minecraft:red_flower",
  "displayname": "§9Ancient Rose",
  "nbttag": "{HideFlags:254,display:{Lore:[0:\"§7§8§oAncient plant imbued with\",1:\"§8§othe unyielding power of truth.\",2:\"\",3:\"§eRight-click to view recipes!\",4:\"\",5:\"§9§lRARE DUNGEON ITEM\"],Name:\"§9Ancient Rose\"},ExtraAttributes:{id:\"GOLEM_POPPY\"}}",
  "damage": 0,
  "lore": [
    "§7§8§oAncient plant imbued with",
    "§8§othe unyielding power of truth.",
    "",
    "§eRight-click to view recipes!",
    "",
    "§9§lRARE DUNGEON ITEM"
  ],
  "internalname": "GOLEM_POPPY",
  "clickcommand": "",
  "modver": "2.1.0-REL",
  "crafttext": "",
  "infoType": "WIKI_URL",
  "info": [
    "https://hypixel-skyblock.fandom.com/wiki/Ancient_Rose",
    "https://wiki.hypixel.net/Ancient_Rose"
  ]
}