{
  "itemid": "minecraft:skull",
  "displayname": "§9Grandma Wolf (NPC)",
  "nbttag": "{HideFlags:254,SkullOwner:{Id:\"59d8ec1f-2f3c-21fe-aaf0-cb50a0606451\",Properties:{textures:[0:{Value:\"eyJ0ZXh0dXJlcyI6eyJTS0lOIjp7InVybCI6Imh0dHBzOi8vdGV4dHVyZXMubWluZWNyYWZ0Lm5ldC90ZXh0dXJlLzgzOTE5M2MwOWJjYWQ5ZDFmOTAxYWZlZjRlMmMwY2FkODNhYWUxYTU3MDMzNWMzZWNiYzdkMDVmZGUxOTg3OTUifX19\"}]},Name:\"59d8ec1f-2f3c-21fe-aaf0-cb50a0606451\"},display:{Lore:[0:\"\"],Name:\"§9Grandma Wolf (NPC)\"},ExtraAttributes:{id:\"GRANDMA_WOLF_NPC\"}}",
  "damage": 3,
  "lore": [
    ""
  ],
  "internalname": "GRANDMA_WOLF_NPC",
  "clickcommand": "",
  "modver": "2.1.1-PRE",
  "x": -281,
  "y": 123,
  "z": -190,
  "island": "combat_1",
  "crafttext": "",
  "infoType": "WIKI_URL",
  "info": [
    "https://hypixel-skyblock.fandom.com/wiki/Grandma_Wolf",
    "https://wiki.hypixel.net/Grandma_Wolf"
  ]
}