{
  "itemid": "minecraft:skull",
  "displayname": "§dGrandma (Rift NPC)",
  "nbttag": "{SkullOwner:{Id:\"a8fc1624-4ca9-29fc-8306-5dcfcf0e7b1c\",Properties:{textures:[0:{Value:\"eyJ0ZXh0dXJlcyI6eyJTS0lOIjp7InVybCI6Imh0dHBzOi8vdGV4dHVyZXMubWluZWNyYWZ0Lm5ldC90ZXh0dXJlLzgyNjhiYTI1OTVkMmI3ZjUwODBlNzYxMGY3YWU2MmQ5NWEyYjhhNzJkNzlkMmQzOGM3ZDBkMTdkM2UxMzkxY2UifX19\"}]},Name:\"a8fc1624-4ca9-29fc-8306-5dcfcf0e7b1c\"},display:{Lore:[0:\"\"],Name:\"§dGrandma (Rift NPC)\"},ExtraAttributes:{id:\"GRANDMA_RIFT_NPC\"}}",
  "damage": 3,
  "lore": [
    ""
  ],
  "internalname": "GRANDMA_RIFT_NPC",
  "clickcommand": "",
  "modver": "",
  "x": -70,
  "y": 65,
  "z": -60,
  "island": "rift"
}