{
  "itemid": "minecraft:stick",
  "displayname": "§9Grandma\u0027s Knitting Needle",
  "nbttag": "{HideFlags:254,display:{Lore:[0:\"§8Consumed on use\",1:\"\",2:\"§aPet Items §7can boost pets in many powerful ways!\",3:\"§7A pet can only hold one §aPet Item §7at a time.\",4:\"§7The pet must be §evisible §7to apply the item!\",5:\"\",6:\"§7§7Can be applied to §fGrandma Wolf §7pets.\",7:\"§7Grants §b+5% §b✯ Magic Find §7when\",8:\"§7getting a combo of §a50 §7or above.\",9:\"\",10:\"§7§eRight-click on your summoned pet to\",11:\"§egive it this item!\",12:\"\",13:\"§5§kX§5 Rift-Transferable §kX\",14:\"§9§lRARE PET ITEM\"],Name:\"§9Grandma\u0027s Knitting Needle\"},ExtraAttributes:{id:\"GRANDMAS_KNITTING_NEEDLE\"}}",
  "damage": 0,
  "lore": [
    "§8Consumed on use",
    "",
    "§aPet Items §7can boost pets in many powerful ways!",
    "§7A pet can only hold one §aPet Item §7at a time.",
    "§7The pet must be §evisible §7to apply the item!",
    "",
    "§7§7Can be applied to §fGrandma Wolf §7pets.",
    "§7Grants §b+5% §b✯ Magic Find §7when",
    "§7getting a combo of §a50 §7or above.",
    "",
    "§7§eRight-click on your summoned pet to",
    "§egive it this item!",
    "",
    "§5§kX§5 Rift-Transferable §kX",
    "§9§lRARE PET ITEM"
  ],
  "internalname": "GRANDMAS_KNITTING_NEEDLE",
  "crafttext": "",
  "clickcommand": "",
  "modver": "",
  "infoType": "WIKI_URL",
  "info": [
    "https://hypixel-skyblock.fandom.com/wiki/Grandma%27s_Knitting_Needle",
    "https://wiki.hypixel.net/Grandma%27s_Knitting_Needle"
  ]
}