{
  "itemid": "minecraft:gravel",
  "displayname": "§fGravel",
  "nbttag": "{HideFlags:254,display:{Lore:[0:\"§7§8Collection Item\",1:\"\",2:\"§f§lCOMMON BLOCK\"],Name:\"§fGravel\"},ExtraAttributes:{id:\"GRAVEL\"}}",
  "damage": 0,
  "lore": [
    "§7§8Collection Item",
    "",
    "§f§lCOMMON BLOCK"
  ],
  "internalname": "GRAVEL",
  "modver": "",
  "vanilla": true,
  "clickcommand": "",
  "infoType": "WIKI_URL",
  "info": [
    "https://wiki.hypixel.net/Gravel"
  ],
  "crafttext": ""
}