{
  "itemid": "minecraft:skull",
  "displayname": "§aGravel Skeleton (Monster)",
  "nbttag": "{display:{Lore:[0:\"§7These Skeletons just never say\",1:\"§7die.\",2:\"\",3:\"§c❤ Health§8: §c100\"],Name:\"§aGravel Skeleton (Monster)\"},ExtraAttributes:{id:\"GRAVEL_SKELETON_MONSTER\"}}",
  "damage": 0,
  "lore": [
    "§7These Skeletons just never say",
    "§7die.",
    "",
    "§c❤ Health§8: §c100"
  ],
  "internalname": "GRAVEL_SKELETON_MONSTER",
  "clickcommand": "viewrecipe",
  "modver": "2.1.0-REL",
  "infoType": "WIKI_URL",
  "info": [
    "https://hypixel-skyblock.fandom.com/wiki/Gravel_Skeleton",
    "https://wiki.hypixel.net/Gravel_Skeleton"
  ],
  "crafttext": "",
  "recipes": [
    {
      "level": 2,
      "coins": 1,
      "xp": 1,
      "name": "§cGravel Skeleton",
      "panorama": "combat_1",
      "render": "Skeleton",
      "type": "drops",
      "drops": [
        {
          "id": "BONE",
          "chance": "x3-6"
        },
        {
          "id": "DYE_BONE",
          "chance": "0.000033%"
        }
      ]
    }
  ]
}