{
  "itemid": "minecraft:deadbush",
  "displayname": "§6Great Spook Staff",
  "nbttag": "{HideFlags:254,display:{Lore:[0:\"§7§7Fear: §a+10\",1:\"\",2:\"§7§7Obtained during the §e2021\",3:\"§e§5Alchemist §7experiments!\",4:\"\",5:\"§6Ability: Spooker §e§lLEFT CLICK\",6:\"§7§7Will spook other players with a §8§oscary\",7:\"§8§o§7message when you §cpunch §7them.\",8:\"§8Cooldown: §a1m\",9:\"\",10:\"§6Ability: Spook §e§lRIGHT CLICK\",11:\"§7§7Will make you appear as a\",12:\"§7§eDead Bush §7to other players.\",13:\"§8Cooldown: §a15s\",14:\"\",15:\"§8Edition #§k420\",16:\"\",17:\"§6§lLEGENDARY\"],Name:\"§6Great Spook Staff\"},ExtraAttributes:{edition:800,originTag:\"UNKNOWN\",id:\"GREAT_SPOOK_STAFF\"}}",
  "damage": 0,
  "lore": [
    "§7§7Fear: §a+10",
    "",
    "§7§7Obtained during the §e2021",
    "§e§5Alchemist §7experiments!",
    "",
    "§6Ability: Spooker §e§lLEFT CLICK",
    "§7§7Will spook other players with a §8§oscary",
    "§8§o§7message when you §cpunch §7them.",
    "§8Cooldown: §a1m",
    "",
    "§6Ability: Spook §e§lRIGHT CLICK",
    "§7§7Will make you appear as a",
    "§7§eDead Bush §7to other players.",
    "§8Cooldown: §a15s",
    "",
    "§8Edition #§k420",
    "",
    "§6§lLEGENDARY"
  ],
  "internalname": "GREAT_SPOOK_STAFF",
  "crafttext": "",
  "clickcommand": "",
  "modver": "2.1.0-REL",
  "infoType": "WIKI_URL",
  "info": [
    "https://hypixel-skyblock.fandom.com/wiki/Great_Spook_Staff",
    "https://wiki.hypixel.net/Great_Spook_Staff"
  ]
}