{
  "itemid": "minecraft:enchanted_book",
  "displayname": "§fEnchanted Book",
  "nbttag": "{ench:[],HideFlags:254,display:{Lore:[0:\"§9Great Spook I\",1:\"§7§7Grants §a+1 §5Fear §7on\",2:\"§7§5Great Spook Armor§7.\",3:\"\",4:\"§7Applicable on: §9Armor\",5:\"§7Use this on an item in an Anvil\",6:\"§7to apply it!\",7:\"\",8:\"§f§lCOMMON\"],Name:\"§fEnchanted Book\"},ExtraAttributes:{year:2023,id:\"GREAT_SPOOK;1\",enchantments:{great_spook:1}}}",
  "damage": 0,
  "lore": [
    "§9Great Spook I",
    "§7§7Grants §a+1 §5Fear §7on",
    "§7§5Great Spook Armor§7.",
    "",
    "§7Applicable on: §9Armor",
    "§7Use this on an item in an Anvil",
    "§7to apply it!",
    "",
    "§f§lCOMMON"
  ],
  "internalname": "GREAT_SPOOK;1",
  "crafttext": "",
  "clickcommand": "",
  "modver": "2.1.1-PRE",
  "infoType": ""
}