{
  "itemid": "minecraft:leather_chestplate",
  "displayname": "§5Great Spook Chestplate",
  "nbttag": "{Unbreakable:1b,HideFlags:254,display:{Lore:[0:\"§7Fear: §a+5\",1:\"\",2:\"§7§7Obtained during the §e§k2021\",3:\"§e§5Alchemist §7experiments!\",4:\"\",5:\"§6Full Set Bonus: Spooky\",6:\"§7Lets you §8§ospook §7other\",7:\"§7players while worn by punching\",8:\"§7them with the §6Great Spook\",9:\"§6Staff§7.\",10:\"\",11:\"§6Full Set Bonus: Fearsome\",12:\"§7Monsters at or below your total\",13:\"§7§aFear §7level will run away\",14:\"§7from you.\",15:\"\",16:\"§8Edition #§k420\",17:\"\",18:\"§7§8This item can be reforged!\",19:\"§5§lEPIC CHESTPLATE\"],color:10040217,Name:\"§5Great Spook Chestplate\"},ExtraAttributes:{color:\"153:51:153\",edition:10,originTag:\"UNKNOWN\",id:\"GREAT_SPOOK_CHESTPLATE\"}}",
  "damage": 0,
  "lore": [
    "§7Fear: §a+5",
    "",
    "§7§7Obtained during the §e§k2021",
    "§e§5Alchemist §7experiments!",
    "",
    "§6Full Set Bonus: Spooky",
    "§7Lets you §8§ospook §7other",
    "§7players while worn by punching",
    "§7them with the §6Great Spook",
    "§6Staff§7.",
    "",
    "§6Full Set Bonus: Fearsome",
    "§7Monsters at or below your total",
    "§7§aFear §7level will run away",
    "§7from you.",
    "",
    "§8Edition #§k420",
    "",
    "§7§8This item can be reforged!",
    "§5§lEPIC CHESTPLATE"
  ],
  "internalname": "GREAT_SPOOK_CHESTPLATE",
  "crafttext": "",
  "clickcommand": "",
  "modver": "2.1.0-REL",
  "infoType": "WIKI_URL",
  "info": [
    "https://hypixel-skyblock.fandom.com/wiki/Great_Spook_Chestplate",
    "https://wiki.hypixel.net/Great_Spook_Chestplate"
  ]
}