{
  "itemid": "minecraft:ghast_tear",
  "displayname": "§6Great White Shark Tooth",
  "nbttag": "{ench:[],HideFlags:254,display:{Lore:[0:\"§7Dropped by a Shark during\",1:\"§7Fishing Festival.\",2:\"\",3:\"§eRight-click to view recipes!\",4:\"\",5:\"§6§lLEGENDARY\"],Name:\"§6Great White Shark Tooth\"},ExtraAttributes:{id:\"GREAT_WHITE_SHARK_TOOTH\"}}",
  "damage": 0,
  "lore": [
    "§7Dropped by a Shark during",
    "§7Fishing Festival.",
    "",
    "§eRight-click to view recipes!",
    "",
    "§6§lLEGENDARY"
  ],
  "internalname": "GREAT_WHITE_SHARK_TOOTH",
  "crafttext": "",
  "clickcommand": "",
  "modver": "2.1.0-REL",
  "infoType": "WIKI_URL",
  "info": [
    "https://hypixel-skyblock.fandom.com/wiki/Great_White_Shark_Tooth",
    "https://wiki.hypixel.net/Great_White_Shark_Tooth"
  ]
}