{
  "internalname": "GREEN_CANDY",
  "itemid": "minecraft:skull",
  "displayname": "§aGreen Candy",
  "clickcommand": "",
  "damage": 3,
  "nbttag": "{HideFlags:254,SkullOwner:{Id:\"0961dbb3-2167-3f75-92e4-ec8eb4f57e55\",Properties:{textures:[0:{Value:\"eyJ0ZXh0dXJlcyI6eyJTS0lOIjp7InVybCI6Imh0dHA6Ly90ZXh0dXJlcy5taW5lY3JhZnQubmV0L3RleHR1cmUvY2UwNjIyZDAxY2ZkYWUzODZjYzdkZDgzNDI3Njc0YjQyMmY0NmQwYTU3ZTY3YTIwNjA3ZTZjYTRiOWFmM2IwMSJ9fX0\u003d\"}]}},display:{Lore:[0:\"§7Candy can be used to trade with\",1:\"§7the Fear Mongerer during the\",2:\"§7§6Spooky Festival§7!\",3:\"\",4:\"§a§lUNCOMMON\"],Name:\"§aGreen Candy\"},ExtraAttributes:{id:\"GREEN_CANDY\"}}",
  "modver": "2.1.0-REL",
  "lore": [
    "§7Candy can be used to trade with",
    "§7the Fear Mongerer during the",
    "§7§6Spooky Festival§7!",
    "",
    "§a§lUNCOMMON"
  ],
  "infoType": "WIKI_URL",
  "info": [
    "https://hypixel-skyblock.fandom.com/wiki/Green_Candy",
    "https://wiki.hypixel.net/Green_Candy"
  ],
  "crafttext": ""
}