{
  "itemid": "minecraft:skull",
  "displayname": "§f§f§5Greenhouse Planter",
  "nbttag": "{HideFlags:254,SkullOwner:{Id:\"27c2a7f8-f625-3293-9730-8f1c9667c536\",Properties:{textures:[0:{Value:\"eyJ0ZXh0dXJlcyI6eyJTS0lOIjp7InVybCI6Imh0dHA6Ly90ZXh0dXJlcy5taW5lY3JhZnQubmV0L3RleHR1cmUvOGViNWVlZTQyNTM1ZDY4Y2NlNWJmOTUyMDEzN2I3YTM2Y2IzMTNkYzY1YmRjZDg4MDQzNTNhMjkxOTRmOTIyYyJ9fX0\u003d\"}]}},display:{Lore:[0:\"§8Furniture\",1:\"§8Summer Cosmetic\",2:\"\",3:\"§7This exclusive §aSummer\",4:\"§a§7cosmetic can be placed on your\",5:\"§7island or traded.\",6:\"\",7:\"§5§lEPIC\"],Name:\"§f§f§5Greenhouse Planter\"},ExtraAttributes:{id:\"GREENHOUSE\"}}",
  "damage": 3,
  "lore": [
    "§8Furniture",
    "§8Summer Cosmetic",
    "",
    "§7This exclusive §aSummer",
    "§a§7cosmetic can be placed on your",
    "§7island or traded.",
    "",
    "§5§lEPIC"
  ],
  "internalname": "GREENHOUSE",
  "crafttext": "",
  "clickcommand": "",
  "modver": "2.1.1-PRE",
  "infoType": "WIKI_URL",
  "info": [
    "https://wiki.hypixel.net/Greenhouse_Planter"
  ]
}